program,sid,episodes,n_channels,dominant,dominant_eps,off_channel,unplayable
Hip Opener,37,14,13,BrettLarkinYoga,2,12,0
HYROX Foundations,13,14,13,PureGym,2,12,0
Breath & Calm,31,14,12,Hands-On Meditation,2,12,0
Desk Reset,33,14,12,EDR Fitness,2,12,0
HYROX Simulation,16,14,12,Rich Ryan,3,11,0
Neck & Shoulder Release,40,14,12,SarahBethYoga,2,12,0
Strong Healthy Knees,41,14,12,AskDoctorJo,3,11,0
Full-Body Stretch,18,14,11,Move With Nicole,3,11,0
HYROX Sled & Carry,14,14,11,Tiago Lousa,2,12,1
Posture Reset,29,14,11,Dr. Jon Saunders,3,11,0
Start Without Jumping,21,14,11,HASfit,2,12,0
Total Flexibility,42,14,11,Tom Merrick,4,10,0
Balance & Stability,35,14,10,SilverSneakers,3,11,0
HYROX Engine,15,14,10,RowAlong – Follow Along Rowing Machine Workouts,4,10,0
Back Mobility,36,14,9,mobility by julia reppel,5,9,0
Dance Cardio,12,14,9,growingannanas,3,11,0
Easy Home Cardio,23,14,9,growingannanas,4,10,0
Evening Wind-Down,32,14,9,mobility by julia reppel,3,11,1
Gentle Recovery,20,14,9,mobility by julia reppel,4,10,0
Hip Mobility,19,14,9,Tom Merrick,4,10,0
Joint-Friendly Strength,22,14,9,Caroline Jordan,4,10,0
Power Yoga,7,14,9,Boho Beautiful Yoga,3,11,0
Restorative Yoga,8,14,9,Charlie Follows,3,11,0
Sculpt & Tone,34,14,9,MadFit,3,11,0
Strength & HIIT,4,14,9,Sydney Cummings Houdyshell,5,9,0
Total-Body Strength,1,14,9,Caroline Girvan,3,11,0
Easy Everyday,24,14,8,SeniorShape Fitness,5,9,0
Low-Impact HIIT,44,14,8,MadFit,6,8,0
Lower Back Relief,39,14,8,Tone and Tighten,6,8,0
Lower-Body Strength,3,14,8,Tom Peto Training,3,11,0
No-Equipment Cardio,10,14,8,growingannanas,3,11,0
Ease Stress,30,14,7,SarahBethYoga,5,9,0
Guided Meditation,38,14,7,Goodful,4,10,0
HIIT Burn,9,14,7,MadFit,4,10,0
Morning Yoga Flow,5,14,7,Jess Yoga,4,10,0
Upper-Body Strength,2,14,7,Caroline Girvan,4,10,0
Morning Mobility,17,14,6,mobility by julia reppel,4,10,0
Core Pilates,6,14,5,Move With Nicole,7,7,0
Intense Tabata,11,14,5,growingannanas,4,10,0
Couch to 5K,25,14,4,IBX Running,11,3,0
Half Marathon,27,14,4,IBX Running,11,3,0
Build to 10K,26,14,3,IBX Running,11,3,0
Strong Core,43,14,3,MadFit,6,8,0
Full Marathon,28,14,2,IBX Running,12,2,1
