program,sid,week,day,episode,video_id,channel,channel_url,playable
Back Mobility,36,1,1,Back Mobility — Day 1,IRrDIbkCwIE,Bootcamp Co.,https://www.youtube.com/@BootcampCo,True
Back Mobility,36,1,2,Back Mobility — Day 2,9iHko2F81cE,mobility by julia reppel,https://www.youtube.com/@julia.reppel,True
Back Mobility,36,1,3,Back Mobility — Day 3,dpUe6TB9MyI,Movement by Alisa ,https://www.youtube.com/@MovementByAlisa,True
Back Mobility,36,1,4,Back Mobility — Day 4,kwsmxwlr-PA,mobility by julia reppel,https://www.youtube.com/@julia.reppel,True
Back Mobility,36,1,5,Back Mobility — Day 5,pVMSoHXxJpk,mobility by julia reppel,https://www.youtube.com/@julia.reppel,True
Back Mobility,36,1,6,Back Mobility — Day 6,CJpUGh2M0Oc,Sophie Reid,https://www.youtube.com/@sophiereidfit,True
Back Mobility,36,1,7,Back Mobility — Day 7,426rzPkx4D8,mobility by julia reppel,https://www.youtube.com/@julia.reppel,True
Back Mobility,36,2,1,Back Mobility — Day 1,UilbuIgSkEs,Hero Movement,https://www.youtube.com/@HeroMovementNet,True
Back Mobility,36,2,2,Back Mobility — Day 2,Scq9hboii8I,Tone and Tighten,https://www.youtube.com/@toneandtighten,True
Back Mobility,36,2,3,Back Mobility — Day 3,iovhifyipsU,nourishmovelove,https://www.youtube.com/@nourishmovelove,True
Back Mobility,36,2,4,Back Mobility — Day 4,0CrX59ulj9U,Physiotutors,https://www.youtube.com/@Physiotutors,True
Back Mobility,36,2,5,Back Mobility — Day 5,f1fhqZGwHzk,The Barbell Physio,https://www.youtube.com/@thebarbellphysio,True
Back Mobility,36,2,6,Back Mobility — Day 6,zFHTgsYCm7c,mobility by julia reppel,https://www.youtube.com/@julia.reppel,True
Back Mobility,36,2,7,Back Mobility — Day 7,hfJKE1d3rNM,Tone and Tighten,https://www.youtube.com/@toneandtighten,True
Balance & Stability,35,1,1,Balance & Stability — Day 1,QFUY2jQjNTg,mobility by julia reppel,https://www.youtube.com/@julia.reppel,True
Balance & Stability,35,1,2,Balance & Stability — Day 2,z4rMDZpee9I,Aloha Online Physical Therapy for the Elderly,https://www.youtube.com/@AlohaOnlinePTfortheElderly,True
Balance & Stability,35,1,3,Balance & Stability — Day 3,1AaAWRvKj1k,Improved Health,https://www.youtube.com/@ImprovedHealth,True
Balance & Stability,35,1,4,Balance & Stability — Day 4,AT_Eon4STrw,Yoga with Kassandra,https://www.youtube.com/@yogawithkassandra,True
Balance & Stability,35,1,5,Balance & Stability — Day 5,Rm-f_sSeqwA,Man Flow Yoga,https://www.youtube.com/@ManFlowYoga,True
Balance & Stability,35,1,6,Balance & Stability — Day 6,10mu1VoOSAU,Jess Yoga,https://www.youtube.com/@JessicaRichburg,True
Balance & Stability,35,1,7,Balance & Stability — Day 7,NVwFnH7nPMU,BodyFit By Amy,https://www.youtube.com/@BodyFitByAmy,True
Balance & Stability,35,2,1,Balance & Stability — Day 1,pfJFjCRvz1U,SeniorShape Fitness,https://www.youtube.com/@SeniorShapeFitness,True
Balance & Stability,35,2,2,Balance & Stability — Day 2,uJZk7jafw-o,SeniorShape Fitness,https://www.youtube.com/@SeniorShapeFitness,True
Balance & Stability,35,2,3,Balance & Stability — Day 3,FQh6_dX1Sm8,Tracy Steen,https://www.youtube.com/@TracySteenMoveDaily,True
Balance & Stability,35,2,4,Balance & Stability — Day 4,I_JMHu350-I,Tracy Steen,https://www.youtube.com/@TracySteenMoveDaily,True
Balance & Stability,35,2,5,Balance & Stability — Day 5,FqYFyt3exb0,SilverSneakers,https://www.youtube.com/@silversneakers,True
Balance & Stability,35,2,6,Balance & Stability — Day 6,WVRniHE8Ass,SilverSneakers,https://www.youtube.com/@silversneakers,True
Balance & Stability,35,2,7,Balance & Stability — Day 7,dERa5jKsrZ4,SilverSneakers,https://www.youtube.com/@silversneakers,True
Breath & Calm,31,1,1,Breath & Calm — Day 1,K7qP3bxEHwk,REI,https://www.youtube.com/@rei,True
Breath & Calm,31,1,2,Breath & Calm — Day 2,jk5eXuwzQjA,Breathe With Sandy,https://www.youtube.com/@BreatheWithSandy,True
Breath & Calm,31,1,3,Breath & Calm — Day 3,FDikCuovqxk,Hands-On Meditation,https://www.youtube.com/@HandsOnMeditation,True
Breath & Calm,31,1,4,Breath & Calm — Day 4,LiUnFJ8P4gM,Hands-On Meditation,https://www.youtube.com/@HandsOnMeditation,True
Breath & Calm,31,1,5,Breath & Calm — Day 5,o9VMMzc5Ouo,Jessica Valant,https://www.youtube.com/@Jessicasvalant,True
Breath & Calm,31,1,6,Breath & Calm — Day 6,aXItOY0sLRY,The School of Self,https://www.youtube.com/@TheSchoolofSelf,True
Breath & Calm,31,1,7,Breath & Calm — Day 7,VUjiXcfKBn8,Great Meditation,https://www.youtube.com/@GreatMeditation,True
Breath & Calm,31,2,1,Breath & Calm — Day 1,GmMUMVn7aBM,"Othership: Sauna, Ice Baths + Breathwork",https://www.youtube.com/@Othership,True
Breath & Calm,31,2,2,Breath & Calm — Day 2,j-1n3KJR1I8,Mike Maher | TAKE A DEEP BREATH,https://www.youtube.com/@TAKEADEEPBREATH,True
Breath & Calm,31,2,3,Breath & Calm — Day 3,oq5pZ7dpUDc,Priory,https://www.youtube.com/@Priory_UK,True
Breath & Calm,31,2,4,Breath & Calm — Day 4,eljEmvplpNk,LiveFree Diving,https://www.youtube.com/@LiveFreeDiving,True
Breath & Calm,31,2,5,Breath & Calm — Day 5,6x50l-rsgkQ,Rehab & Therapy Toolbox (TDWSS),https://www.youtube.com/@RehabTherapyToolbox,True
Breath & Calm,31,2,6,Breath & Calm — Day 6,aDLOazk_JVQ,Recovery.com,https://www.youtube.com/@recoverydotcom,True
Breath & Calm,31,2,7,Breath & Calm — Day 7,FJJazKtH_9I,Mike Maher | TAKE A DEEP BREATH,https://www.youtube.com/@TAKEADEEPBREATH,True
Build to 10K,26,1,1,Build to 10K — Day 1,FEWcEQKG2ss,IBX Running,https://www.youtube.com/@IBXRunning,True
Build to 10K,26,1,2,Build to 10K — Day 2,PzMFqhGXQSw,IBX Running,https://www.youtube.com/@IBXRunning,True
Build to 10K,26,1,3,Build to 10K — Day 3,9TxO3D0169Q,IBX Running,https://www.youtube.com/@IBXRunning,True
Build to 10K,26,1,4,Build to 10K — Day 4,jSGzr1npOT8,IBX Running,https://www.youtube.com/@IBXRunning,True
Build to 10K,26,1,5,Build to 10K — Day 5,ufhM_9eLU-s,Sunny Health & Fitness,https://www.youtube.com/@SunnyHealthFitness,True
Build to 10K,26,1,6,Build to 10K — Day 6,PwKT4hUJSQc,Sunny Health & Fitness,https://www.youtube.com/@SunnyHealthFitness,True
Build to 10K,26,1,7,Build to 10K — Day 7,gv3_cjn_yls,KevTheTrainer,https://www.youtube.com/@KevTheTrainer,True
Build to 10K,26,2,1,Build to 10K — Day 1,P-otI_xKukw,IBX Running,https://www.youtube.com/@IBXRunning,True
Build to 10K,26,2,2,Build to 10K — Day 2,9Q8wAKH4cqA,IBX Running,https://www.youtube.com/@IBXRunning,True
Build to 10K,26,2,3,Build to 10K — Day 3,m3qpVdtLesE,IBX Running,https://www.youtube.com/@IBXRunning,True
Build to 10K,26,2,4,Build to 10K — Day 4,PPPNvHKnRwI,IBX Running,https://www.youtube.com/@IBXRunning,True
Build to 10K,26,2,5,Build to 10K — Day 5,jrMrGR0rI8o,IBX Running,https://www.youtube.com/@IBXRunning,True
Build to 10K,26,2,6,Build to 10K — Day 6,_CO_58q7vx8,IBX Running,https://www.youtube.com/@IBXRunning,True
Build to 10K,26,2,7,Build to 10K — Day 7,eOaHN-n652k,IBX Running,https://www.youtube.com/@IBXRunning,True
Core Pilates,6,1,1,Core Pilates — Day 1,nfmcXtwGYsk,Yoga with Kassandra,https://www.youtube.com/@yogawithkassandra,True
Core Pilates,6,1,2,Core Pilates — Day 2,1TXj_U23bPs,Move With Nicole,https://www.youtube.com/@MoveWithNicole,True
Core Pilates,6,1,3,Core Pilates — Day 3,_CgpKILjS70,fitbymik,https://www.youtube.com/@fitbymik,True
Core Pilates,6,1,4,Core Pilates — Day 4,v5mOBrVzh8E,Yoga with Kassandra,https://www.youtube.com/@yogawithkassandra,True
Core Pilates,6,1,5,Core Pilates — Day 5,_HnWLkHL1hU,Move With Nicole,https://www.youtube.com/@MoveWithNicole,True
Core Pilates,6,1,6,Core Pilates — Day 6,iY0acFOmbgI,Jessica Valant,https://www.youtube.com/@Jessicasvalant,True
Core Pilates,6,1,7,Core Pilates — Day 7,_en_PIYjveg,Jessica Valant,https://www.youtube.com/@Jessicasvalant,True
Core Pilates,6,2,1,Core Pilates — Day 1,ebq5vPWvvOc,Jessica Valant,https://www.youtube.com/@Jessicasvalant,True
Core Pilates,6,2,2,Core Pilates — Day 2,1jZVEqgeO4U,Move With Nicole,https://www.youtube.com/@MoveWithNicole,True
Core Pilates,6,2,3,Core Pilates — Day 3,P4GukOvkeQQ,Move With Nicole,https://www.youtube.com/@MoveWithNicole,True
Core Pilates,6,2,4,Core Pilates — Day 4,dF2dXejdKHM,Move With Nicole,https://www.youtube.com/@MoveWithNicole,True
Core Pilates,6,2,5,Core Pilates — Day 5,mREx1RkRv5g,Move With Nicole,https://www.youtube.com/@MoveWithNicole,True
Core Pilates,6,2,6,Core Pilates — Day 6,XmbOXzKIjaU,IZZY SAMUEL,https://www.youtube.com/@izzy.samuel,True
Core Pilates,6,2,7,Core Pilates — Day 7,OJxXA4EwTf0,Move With Nicole,https://www.youtube.com/@MoveWithNicole,True
Couch to 5K,25,1,1,Couch to 5K — Day 1,y7hsErPYeAo,IBX Running,https://www.youtube.com/@IBXRunning,True
Couch to 5K,25,1,2,Couch to 5K — Day 2,cAUqIL8nDF8,Tom Peto Training,https://www.youtube.com/@TomPetoTraining,True
Couch to 5K,25,1,3,Couch to 5K — Day 3,o4JxmWu_6Ds,IBX Running,https://www.youtube.com/@IBXRunning,True
Couch to 5K,25,1,4,Couch to 5K — Day 4,LZVODZ3HTmY,TreadmillReviewGuru,https://www.youtube.com/@TreadmillReviewGuru,True
Couch to 5K,25,1,5,Couch to 5K — Day 5,88l9eUehvgk,IBX Running,https://www.youtube.com/@IBXRunning,True
Couch to 5K,25,1,6,Couch to 5K — Day 6,GSQtAHVvEYo,IBX Running,https://www.youtube.com/@IBXRunning,True
Couch to 5K,25,1,7,Couch to 5K — Day 7,SfckkC4w5Qk,IBX Running,https://www.youtube.com/@IBXRunning,True
Couch to 5K,25,2,1,Couch to 5K — Day 1,pHhmDApq10s,IBX Running,https://www.youtube.com/@IBXRunning,True
Couch to 5K,25,2,2,Couch to 5K — Day 2,ygRfFhIKzFY,IBX Running,https://www.youtube.com/@IBXRunning,True
Couch to 5K,25,2,3,Couch to 5K — Day 3,gCH10Gl3HMQ,IBX Running,https://www.youtube.com/@IBXRunning,True
Couch to 5K,25,2,4,Couch to 5K — Day 4,dyfuLtxi8uE,Swift Trails,https://www.youtube.com/@SwiftTrailsTV,True
Couch to 5K,25,2,5,Couch to 5K — Day 5,ik31OZR5SEY,IBX Running,https://www.youtube.com/@IBXRunning,True
Couch to 5K,25,2,6,Couch to 5K — Day 6,fPg8FHpj8YM,IBX Running,https://www.youtube.com/@IBXRunning,True
Couch to 5K,25,2,7,Couch to 5K — Day 7,wGIIpC5sMio,IBX Running,https://www.youtube.com/@IBXRunning,True
Dance Cardio,12,1,1,Dance Cardio — Day 1,4GNkf3RSyu4,Oliver Sjostrom,https://www.youtube.com/@OliverSjostrom,True
Dance Cardio,12,1,2,Dance Cardio — Day 2,_3hoz1zATys,growingannanas,https://www.youtube.com/@growingannanas,True
Dance Cardio,12,1,3,Dance Cardio — Day 3,2bMrFCrJ-u4,TIFF x DAN,https://www.youtube.com/@TIFFxDAN,True
Dance Cardio,12,1,4,Dance Cardio — Day 4,iZ-PywX9roo,growingannanas,https://www.youtube.com/@growingannanas,True
Dance Cardio,12,1,5,Dance Cardio — Day 5,797cJ85pZuc,TIFF x DAN,https://www.youtube.com/@TIFFxDAN,True
Dance Cardio,12,1,6,Dance Cardio — Day 6,cf-dRsV2tfw,Michelle Briehler,https://www.youtube.com/@MichelleBriehler,True
Dance Cardio,12,1,7,Dance Cardio — Day 7,5nSGfG8t_Ck,DANIELPT FITNESS,https://www.youtube.com/@DANIELPTFITNESS,True
Dance Cardio,12,2,1,Dance Cardio — Day 1,6Bjtq2A_jwg,growingannanas,https://www.youtube.com/@growingannanas,True
Dance Cardio,12,2,2,Dance Cardio — Day 2,TcEtCc7xtek,Rolling with Renia,https://www.youtube.com/@RollingwithRenia,True
Dance Cardio,12,2,3,Dance Cardio — Day 3,OVys9s4Q4TY,MadFit,https://www.youtube.com/@MadFit,True
Dance Cardio,12,2,4,Dance Cardio — Day 4,_pvIsnc60Y4,emkfit,https://www.youtube.com/@emkfit,True
Dance Cardio,12,2,5,Dance Cardio — Day 5,FdvtCq4f7qo,emkfit,https://www.youtube.com/@emkfit,True
Dance Cardio,12,2,6,Dance Cardio — Day 6,5mvW8UfJGt0,PS Fit ,https://www.youtube.com/@PS_Fit,True
Dance Cardio,12,2,7,Dance Cardio — Day 7,gfO48ejjQhc,PS Fit ,https://www.youtube.com/@PS_Fit,True
Desk Reset,33,1,1,Desk Reset — Day 1,zeeEALGS-p0,EDR Fitness,https://www.youtube.com/@edrfitness,True
Desk Reset,33,1,2,Desk Reset — Day 2,C5TYXHBMBsg,Dr. Jon Saunders,https://www.youtube.com/@drjonsaunders,True
Desk Reset,33,1,3,Desk Reset — Day 3,jSGTf3NRlPM,EDR Fitness,https://www.youtube.com/@edrfitness,True
Desk Reset,33,1,4,Desk Reset — Day 4,YOrmHEJOQTU,Andrew Alinda,https://www.youtube.com/@CaliToTheCrowd,True
Desk Reset,33,1,5,Desk Reset — Day 5,Poz19E3V4mM,Charlie Follows,https://www.youtube.com/@CharlieFollows,True
Desk Reset,33,1,6,Desk Reset — Day 6,U762zY2_ASU,Minus The Gym,https://www.youtube.com/@MinusTheGym,True
Desk Reset,33,1,7,Desk Reset — Day 7,LYf1Z99vel4,MadFit,https://www.youtube.com/@MadFit,True
Desk Reset,33,2,1,Desk Reset — Day 1,qtCazM9a40s,Tom Merrick,https://www.youtube.com/@BodyweightWarrior,True
Desk Reset,33,2,2,Desk Reset — Day 2,QJeW83kIn4A,Tom Merrick,https://www.youtube.com/@BodyweightWarrior,True
Desk Reset,33,2,3,Desk Reset — Day 3,w3C08dhJ_SM,Christina | Yoga Teacher Mom ,https://www.youtube.com/@yogateachermom,True
Desk Reset,33,2,4,Desk Reset — Day 4,BdfTuxdfIE8,joetherapy,https://www.youtube.com/@joetherapy,True
Desk Reset,33,2,5,Desk Reset — Day 5,EBxV9YDEtAk,STRETCHIT - Stretching & Mobility,https://www.youtube.com/@stretchitapp,True
Desk Reset,33,2,6,Desk Reset — Day 6,ClDXU_xwGKo,Thousand Petals Yoga,https://www.youtube.com/@thousandpetalsyoga,True
Desk Reset,33,2,7,Desk Reset — Day 7,Aj6pPn30bfo,High Desert Yogi,https://www.youtube.com/@highdesertyogi,True
Ease Stress,30,1,1,Ease Stress — Day 1,HI-hKN-dVLY,SarahBethYoga,https://www.youtube.com/@sarahbethyoga,True
Ease Stress,30,1,2,Ease Stress — Day 2,Nw2oBIrQGLo,SarahBethYoga,https://www.youtube.com/@sarahbethyoga,True
Ease Stress,30,1,3,Ease Stress — Day 3,EvMTrP8eRvM,Yoga with Kassandra,https://www.youtube.com/@yogawithkassandra,True
Ease Stress,30,1,4,Ease Stress — Day 4,hJ0Ol0mYLDI,Yoga with Kassandra,https://www.youtube.com/@yogawithkassandra,True
Ease Stress,30,1,5,Ease Stress — Day 5,Mvxv4FJUYkc,Jess Yoga,https://www.youtube.com/@JessicaRichburg,True
Ease Stress,30,1,6,Ease Stress — Day 6,zLer5A9LgMs,Yoga with Kassandra,https://www.youtube.com/@yogawithkassandra,True
Ease Stress,30,1,7,Ease Stress — Day 7,ZAlpjTIe0DA,Boho Beautiful Yoga,https://www.youtube.com/@bohobeautiful,True
Ease Stress,30,2,1,Ease Stress — Day 1,WBeIDVpqKdY,YOGA UPLOAD with Maris Aylward,https://www.youtube.com/@YogaUpload,True
Ease Stress,30,2,2,Ease Stress — Day 2,tD_l3fDTFyg,Yoga With Adriene,https://www.youtube.com/@yogawithadriene,True
Ease Stress,30,2,3,Ease Stress — Day 3,CscxGprl1yw,Yoga With Adriene,https://www.youtube.com/@yogawithadriene,True
Ease Stress,30,2,4,Ease Stress — Day 4,z6X5oEIg6Ak,Goodful,https://www.youtube.com/@Goodful,True
Ease Stress,30,2,5,Ease Stress — Day 5,oA5xdlFs69U,SarahBethYoga,https://www.youtube.com/@sarahbethyoga,True
Ease Stress,30,2,6,Ease Stress — Day 6,yIcjAEs18TQ,SarahBethYoga,https://www.youtube.com/@sarahbethyoga,True
Ease Stress,30,2,7,Ease Stress — Day 7,IZFS6oVFph8,SarahBethYoga,https://www.youtube.com/@sarahbethyoga,True
Easy Everyday,24,1,1,Easy Everyday — Day 1,Qp0gzulZJ1k,Grow Young Fitness,https://www.youtube.com/@GrowYoungFitness,True
Easy Everyday,24,1,2,Easy Everyday — Day 2,2wNoTsxlmDI,SeniorShape Fitness,https://www.youtube.com/@SeniorShapeFitness,True
Easy Everyday,24,1,3,Easy Everyday — Day 3,-2wBmDko5V4,ElderfitTV Experts In Over 60s Health & Fitness,https://www.youtube.com/@elderfitTV,True
Easy Everyday,24,1,4,Easy Everyday — Day 4,i79Y-9Kscf8,SeniorShape Fitness,https://www.youtube.com/@SeniorShapeFitness,True
Easy Everyday,24,1,5,Easy Everyday — Day 5,M9-tVXpQ8DU,SeniorShape Fitness,https://www.youtube.com/@SeniorShapeFitness,True
Easy Everyday,24,1,6,Easy Everyday — Day 6,61qVTzITJKo,SeniorShape Fitness,https://www.youtube.com/@SeniorShapeFitness,True
Easy Everyday,24,1,7,Easy Everyday — Day 7,Zq8_bscMqac,SeniorShape Fitness,https://www.youtube.com/@SeniorShapeFitness,True
Easy Everyday,24,2,1,Easy Everyday — Day 1,HP_P-A3crw4,Improved Health,https://www.youtube.com/@ImprovedHealth,True
Easy Everyday,24,2,2,Easy Everyday — Day 2,y1ybNNpioP0,growwithjo,https://www.youtube.com/@growwithjo,True
Easy Everyday,24,2,3,Easy Everyday — Day 3,Vvo17Utx1Lw,Juice & Toya,https://www.youtube.com/@JuiceandToya,True
Easy Everyday,24,2,4,Easy Everyday — Day 4,CHXk-ZaLrCI,Juice & Toya,https://www.youtube.com/@JuiceandToya,True
Easy Everyday,24,2,5,Easy Everyday — Day 5,77h45P8IKOY,HASfit,https://www.youtube.com/@HASfit,True
Easy Everyday,24,2,6,Easy Everyday — Day 6,X9bd_7k0I28,Lucy Wyndham-Read,https://www.youtube.com/@lucywyndhamread,True
Easy Everyday,24,2,7,Easy Everyday — Day 7,IhaF7jYEqpg,HASfit,https://www.youtube.com/@HASfit,True
Easy Home Cardio,23,1,1,Easy Home Cardio — Day 1,yeLfaC9XIzQ,MadFit,https://www.youtube.com/@MadFit,True
Easy Home Cardio,23,1,2,Easy Home Cardio — Day 2,r-g6pLPK-MM,growingannanas,https://www.youtube.com/@growingannanas,True
Easy Home Cardio,23,1,3,Easy Home Cardio — Day 3,tmEeghaHoz0,growingannanas,https://www.youtube.com/@growingannanas,True
Easy Home Cardio,23,1,4,Easy Home Cardio — Day 4,HuYoYJX9pgU,growingannanas,https://www.youtube.com/@growingannanas,True
Easy Home Cardio,23,1,5,Easy Home Cardio — Day 5,OLK4ZmrSQDA,The Modern Fit Girl,https://www.youtube.com/@themodernfitgirl,True
Easy Home Cardio,23,1,6,Easy Home Cardio — Day 6,Z1AxtMuDuss,growingannanas,https://www.youtube.com/@growingannanas,True
Easy Home Cardio,23,1,7,Easy Home Cardio — Day 7,WuQdMF4Ld9s,MadFit,https://www.youtube.com/@MadFit,True
Easy Home Cardio,23,2,1,Easy Home Cardio — Day 1,8hIdwgZ2r4o,Senior Fitness With Meredith,https://www.youtube.com/@SeniorFitnessWithMeredith,True
Easy Home Cardio,23,2,2,Easy Home Cardio — Day 2,3oitzTfujXs,MadFit,https://www.youtube.com/@MadFit,True
Easy Home Cardio,23,2,3,Easy Home Cardio — Day 3,cA11MYXhBfI,Heather Robertson,https://www.youtube.com/@Heatherrobertsoncom,True
Easy Home Cardio,23,2,4,Easy Home Cardio — Day 4,ZqaqjugCZVo,Roberta's Gym,https://www.youtube.com/@RobertasGym,True
Easy Home Cardio,23,2,5,Easy Home Cardio — Day 5,BQc8aH38qc8,HASfit,https://www.youtube.com/@HASfit,True
Easy Home Cardio,23,2,6,Easy Home Cardio — Day 6,Na_Alkd5Ysc,SeniorShape Fitness,https://www.youtube.com/@SeniorShapeFitness,True
Easy Home Cardio,23,2,7,Easy Home Cardio — Day 7,WjH-NQDeQ3o,fitbymik,https://www.youtube.com/@fitbymik,True
Evening Wind-Down,32,1,1,Evening Wind-Down — Day 1,NG9kNAPXF48,mobility by julia reppel,https://www.youtube.com/@julia.reppel,True
Evening Wind-Down,32,1,2,Evening Wind-Down — Day 2,kZUibv92B3A,SeniorShape Fitness,https://www.youtube.com/@SeniorShapeFitness,True
Evening Wind-Down,32,1,3,Evening Wind-Down — Day 3,XGqGFUxGUvc,Eleni Fit,https://www.youtube.com/@EleniFit,True
Evening Wind-Down,32,1,4,Evening Wind-Down — Day 4,jy6LA31fNfw,mobility by julia reppel,https://www.youtube.com/@julia.reppel,True
Evening Wind-Down,32,1,5,Evening Wind-Down — Day 5,zPz-V93zHPk,Caren Hope,https://www.youtube.com/@carenhope,True
Evening Wind-Down,32,1,6,Evening Wind-Down — Day 6,7H0FKzeuVVs,,,False
Evening Wind-Down,32,1,7,Evening Wind-Down — Day 7,zRPNh_QCIgo,Tom Merrick,https://www.youtube.com/@BodyweightWarrior,True
Evening Wind-Down,32,2,1,Evening Wind-Down — Day 1,caRhoTbgd88,mobility by julia reppel,https://www.youtube.com/@julia.reppel,True
Evening Wind-Down,32,2,2,Evening Wind-Down — Day 2,UGWR5Bu8A6Q,The Honest Guys - Meditations - Relaxation,https://www.youtube.com/@TheHonestGuys,True
Evening Wind-Down,32,2,3,Evening Wind-Down — Day 3,aEqlQvczMJQ,Goodful,https://www.youtube.com/@Goodful,True
Evening Wind-Down,32,2,4,Evening Wind-Down — Day 4,iKNH0t8Zv5c,My Peace Of Mindfulness (Guided Meditation),https://www.youtube.com/@MyPeaceOfMindfulness,True
Evening Wind-Down,32,2,5,Evening Wind-Down — Day 5,f9kEgiAlI08,My Peace Of Mindfulness (Guided Meditation),https://www.youtube.com/@MyPeaceOfMindfulness,True
Evening Wind-Down,32,2,6,Evening Wind-Down — Day 6,5ZFGiDHLGGo,Caroline McCready,https://www.youtube.com/@carolinemccready,True
Evening Wind-Down,32,2,7,Evening Wind-Down — Day 7,06DZtQaqQN8,Caroline McCready,https://www.youtube.com/@carolinemccready,True
Full Marathon,28,1,1,Full Marathon — Day 1,kKt6IIl3B1I,IBX Running,https://www.youtube.com/@IBXRunning,True
Full Marathon,28,1,2,Full Marathon — Day 2,icV4TPNpoSs,IBX Running,https://www.youtube.com/@IBXRunning,True
Full Marathon,28,1,3,Full Marathon — Day 3,tvqtiJIcnvs,Run Better with Ash,https://www.youtube.com/@RunBetterwithAsh,True
Full Marathon,28,1,4,Full Marathon — Day 4,BboSkVBed40,,,False
Full Marathon,28,1,5,Full Marathon — Day 5,AWiibHqL73E,IBX Running,https://www.youtube.com/@IBXRunning,True
Full Marathon,28,1,6,Full Marathon — Day 6,xD9lbN0iqyY,IBX Running,https://www.youtube.com/@IBXRunning,True
Full Marathon,28,1,7,Full Marathon — Day 7,-iAV6ttXq4A,IBX Running,https://www.youtube.com/@IBXRunning,True
Full Marathon,28,2,1,Full Marathon — Day 1,WJT-SnGK4fc,IBX Running,https://www.youtube.com/@IBXRunning,True
Full Marathon,28,2,2,Full Marathon — Day 2,cUMu0LrZINo,IBX Running,https://www.youtube.com/@IBXRunning,True
Full Marathon,28,2,3,Full Marathon — Day 3,nvr-KBXykVY,IBX Running,https://www.youtube.com/@IBXRunning,True
Full Marathon,28,2,4,Full Marathon — Day 4,r5V3plUfxss,IBX Running,https://www.youtube.com/@IBXRunning,True
Full Marathon,28,2,5,Full Marathon — Day 5,hy1N-0QTJW4,IBX Running,https://www.youtube.com/@IBXRunning,True
Full Marathon,28,2,6,Full Marathon — Day 6,bsh57nLzSIY,IBX Running,https://www.youtube.com/@IBXRunning,True
Full Marathon,28,2,7,Full Marathon — Day 7,0p-X2Z4wTFI,IBX Running,https://www.youtube.com/@IBXRunning,True
Full-Body Stretch,18,1,1,Full-Body Stretch — Day 1,iNkR5nQFa3E,Obi Vincent,https://www.youtube.com/@ObiVincent,True
Full-Body Stretch,18,1,2,Full-Body Stretch — Day 2,hPGPyvwPQg4,mobility by julia reppel,https://www.youtube.com/@julia.reppel,True
Full-Body Stretch,18,1,3,Full-Body Stretch — Day 3,y87vSUoIMGU,Caroline Girvan,https://www.youtube.com/@CarolineGirvan,True
Full-Body Stretch,18,1,4,Full-Body Stretch — Day 4,QqcRnr968fE,Bendy Body,https://www.youtube.com/@bendybodymovement,True
Full-Body Stretch,18,1,5,Full-Body Stretch — Day 5,KjednnUNNjA,Anna McNulty Stretches,https://www.youtube.com/@AnnaMcNultyStretches,True
Full-Body Stretch,18,1,6,Full-Body Stretch — Day 6,wlyAMk9Yuho,Eleni Fit,https://www.youtube.com/@EleniFit,True
Full-Body Stretch,18,1,7,Full-Body Stretch — Day 7,Ti619v18nHw,fitbymik,https://www.youtube.com/@fitbymik,True
Full-Body Stretch,18,2,1,Full-Body Stretch — Day 1,DppDOK2SvP0,Tom Peto Training,https://www.youtube.com/@TomPetoTraining,True
Full-Body Stretch,18,2,2,Full-Body Stretch — Day 2,-b-8Y3bh9AU,Move With Nicole,https://www.youtube.com/@MoveWithNicole,True
Full-Body Stretch,18,2,3,Full-Body Stretch — Day 3,X5mR2UbzZ-g,Move With Nicole,https://www.youtube.com/@MoveWithNicole,True
Full-Body Stretch,18,2,4,Full-Body Stretch — Day 4,H4S70No8EtA,Move With Nicole,https://www.youtube.com/@MoveWithNicole,True
Full-Body Stretch,18,2,5,Full-Body Stretch — Day 5,DYGfwPppgO4,MadFit,https://www.youtube.com/@MadFit,True
Full-Body Stretch,18,2,6,Full-Body Stretch — Day 6,CmCysOVh5gA,Tom Merrick,https://www.youtube.com/@BodyweightWarrior,True
Full-Body Stretch,18,2,7,Full-Body Stretch — Day 7,lPKRiU9u_Hc,Tom Merrick,https://www.youtube.com/@BodyweightWarrior,True
Gentle Recovery,20,1,1,Gentle Recovery — Day 1,U_mByjs0owI,Yoga With Tim,https://www.youtube.com/@yogawithtim,True
Gentle Recovery,20,1,2,Gentle Recovery — Day 2,tppWL4CRwe0,Marie Steffen - The Art of Health,https://www.youtube.com/@MarieSteffen,True
Gentle Recovery,20,1,3,Gentle Recovery — Day 3,laKdlp-XrFQ,Yoga With Tim,https://www.youtube.com/@yogawithtim,True
Gentle Recovery,20,1,4,Gentle Recovery — Day 4,ZF1mgot06o4,mobility by julia reppel,https://www.youtube.com/@julia.reppel,True
Gentle Recovery,20,1,5,Gentle Recovery — Day 5,yBjtlZnBkUs,mobility by julia reppel,https://www.youtube.com/@julia.reppel,True
Gentle Recovery,20,1,6,Gentle Recovery — Day 6,LiQgh_61SNI,Hero Movement,https://www.youtube.com/@HeroMovementNet,True
Gentle Recovery,20,1,7,Gentle Recovery — Day 7,yDOImN60yhQ,mobility by julia reppel,https://www.youtube.com/@julia.reppel,True
Gentle Recovery,20,2,1,Gentle Recovery — Day 1,8fipKUJzcuk,mobility by julia reppel,https://www.youtube.com/@julia.reppel,True
Gentle Recovery,20,2,2,Gentle Recovery — Day 2,BiWDsfZ3zbo,Yoga With Adriene,https://www.youtube.com/@yogawithadriene,True
Gentle Recovery,20,2,3,Gentle Recovery — Day 3,D0LvavdptdM,Move With Nicole,https://www.youtube.com/@MoveWithNicole,True
Gentle Recovery,20,2,4,Gentle Recovery — Day 4,3N_8ioZ4jdk,MadFit,https://www.youtube.com/@MadFit,True
Gentle Recovery,20,2,5,Gentle Recovery — Day 5,slErAUo2lEw,Travis Eliot,https://www.youtube.com/@traviseliotyoga,True
Gentle Recovery,20,2,6,Gentle Recovery — Day 6,8cltCOUpYTQ,Move With Nicole,https://www.youtube.com/@MoveWithNicole,True
Gentle Recovery,20,2,7,Gentle Recovery — Day 7,VU6u-Fjtbd4,Yoga With Bird,https://www.youtube.com/@YogaWithBird,True
Guided Meditation,38,1,1,Guided Meditation — Day 1,ausxoXBrmWs,Declutter The Mind,https://www.youtube.com/@DeclutterTheMind,True
Guided Meditation,38,1,2,Guided Meditation — Day 2,CcqZ47d398k,The Mindful Movement,https://www.youtube.com/@TheMindfulMovement,True
Guided Meditation,38,1,3,Guided Meditation — Day 3,217ensSqsTM,The Mindful Movement,https://www.youtube.com/@TheMindfulMovement,True
Guided Meditation,38,1,4,Guided Meditation — Day 4,uTN29kj7e-w,Boho Beautiful Yoga,https://www.youtube.com/@bohobeautiful,True
Guided Meditation,38,1,5,Guided Meditation — Day 5,vBO8QEjANjs,Declutter The Mind,https://www.youtube.com/@DeclutterTheMind,True
Guided Meditation,38,1,6,Guided Meditation — Day 6,lVx3mFxML80,Calm,https://www.youtube.com/@calm,True
Guided Meditation,38,1,7,Guided Meditation — Day 7,ZToicYcHIOU,Calm,https://www.youtube.com/@calm,True
Guided Meditation,38,2,1,Guided Meditation — Day 1,YFRZI3xMovM,Great Meditation,https://www.youtube.com/@GreatMeditation,True
Guided Meditation,38,2,2,Guided Meditation — Day 2,358IFvrnyKY,Michael Sealey,https://www.youtube.com/@MichaelSealey,True
Guided Meditation,38,2,3,Guided Meditation — Day 3,j7d5Plai03g,Goodful,https://www.youtube.com/@Goodful,True
Guided Meditation,38,2,4,Guided Meditation — Day 4,ENYYb5vIMkU,Goodful,https://www.youtube.com/@Goodful,True
Guided Meditation,38,2,5,Guided Meditation — Day 5,2FGR-OspxsU,Goodful,https://www.youtube.com/@Goodful,True
Guided Meditation,38,2,6,Guided Meditation — Day 6,xv-ejEOogaA,Great Meditation,https://www.youtube.com/@GreatMeditation,True
Guided Meditation,38,2,7,Guided Meditation — Day 7,U9YKY7fdwyg,Goodful,https://www.youtube.com/@Goodful,True
Half Marathon,27,1,1,Half Marathon — Day 1,dv1qaoBfUHg,IBX Running,https://www.youtube.com/@IBXRunning,True
Half Marathon,27,1,2,Half Marathon — Day 2,W3IBpKI0yYg,IBX Running,https://www.youtube.com/@IBXRunning,True
Half Marathon,27,1,3,Half Marathon — Day 3,pXiTsyvToAc,IBX Running,https://www.youtube.com/@IBXRunning,True
Half Marathon,27,1,4,Half Marathon — Day 4,rXnH7KiWS0U,IBX Running,https://www.youtube.com/@IBXRunning,True
Half Marathon,27,1,5,Half Marathon — Day 5,mMDlYd_bj3o,IBX Running,https://www.youtube.com/@IBXRunning,True
Half Marathon,27,1,6,Half Marathon — Day 6,Yd77jHg90ww,IBX Running,https://www.youtube.com/@IBXRunning,True
Half Marathon,27,1,7,Half Marathon — Day 7,OiTMeBg3Dyc,Julia Chi Taylor,https://www.youtube.com/@RunWithJulia,True
Half Marathon,27,2,1,Half Marathon — Day 1,5yBhZqzMfs0,Marathon Handbook,https://www.youtube.com/@marathonhandbook,True
Half Marathon,27,2,2,Half Marathon — Day 2,kl1pqagdLN0,IBX Running,https://www.youtube.com/@IBXRunning,True
Half Marathon,27,2,3,Half Marathon — Day 3,AATFMkEDDiQ,IBX Running,https://www.youtube.com/@IBXRunning,True
Half Marathon,27,2,4,Half Marathon — Day 4,NWFzBIvnaKw,IBX Running,https://www.youtube.com/@IBXRunning,True
Half Marathon,27,2,5,Half Marathon — Day 5,eqCnXG11o2M,The Run Experience,https://www.youtube.com/@TheRunExperience,True
Half Marathon,27,2,6,Half Marathon — Day 6,ZtrqWb7lVm0,IBX Running,https://www.youtube.com/@IBXRunning,True
Half Marathon,27,2,7,Half Marathon — Day 7,e2VHo7bNN0I,IBX Running,https://www.youtube.com/@IBXRunning,True
HIIT Burn,9,1,1,HIIT Burn — Day 1,utAlXNg4pUA,The Body Coach TV by Joe Wicks,https://www.youtube.com/@TheBodyCoachTV,True
HIIT Burn,9,1,2,HIIT Burn — Day 2,1s_0rUUo0A0,Oliver Sjostrom,https://www.youtube.com/@OliverSjostrom,True
HIIT Burn,9,1,3,HIIT Burn — Day 3,J212vz33gU4,Oliver Sjostrom,https://www.youtube.com/@OliverSjostrom,True
HIIT Burn,9,1,4,HIIT Burn — Day 4,jeLxN-wt7jY,Kaleigh Cohen Strength,https://www.youtube.com/@KaleighStrength,True
HIIT Burn,9,1,5,HIIT Burn — Day 5,zv8h5kJQSFY,Nobadaddiction,https://www.youtube.com/@Nobadaddiction,True
HIIT Burn,9,1,6,HIIT Burn — Day 6,af49HZUnMNE,MadFit,https://www.youtube.com/@MadFit,True
HIIT Burn,9,1,7,HIIT Burn — Day 7,M0uO8X3_tEA,Juice & Toya,https://www.youtube.com/@JuiceandToya,True
HIIT Burn,9,2,1,HIIT Burn — Day 1,UZ3U0X5fb1Y,Heather Robertson,https://www.youtube.com/@Heatherrobertsoncom,True
HIIT Burn,9,2,2,HIIT Burn — Day 2,T7KV4JHahWA,MadFit,https://www.youtube.com/@MadFit,True
HIIT Burn,9,2,3,HIIT Burn — Day 3,J4wm6qiv5pI,MadFit,https://www.youtube.com/@MadFit,True
HIIT Burn,9,2,4,HIIT Burn — Day 4,L0Ji6oTAovo,MadFit,https://www.youtube.com/@MadFit,True
HIIT Burn,9,2,5,HIIT Burn — Day 5,zBTz636KeMA,Heather Robertson,https://www.youtube.com/@Heatherrobertsoncom,True
HIIT Burn,9,2,6,HIIT Burn — Day 6,m1z7zSWatwo,Heather Robertson,https://www.youtube.com/@Heatherrobertsoncom,True
HIIT Burn,9,2,7,HIIT Burn — Day 7,Emu7uB59E2g,Heather Robertson,https://www.youtube.com/@Heatherrobertsoncom,True
Hip Mobility,19,1,1,Hip Mobility — Day 1,GG57rw8ePq4,GVIA PHOENIX,https://www.youtube.com/@GVIA.PHOENIX,True
Hip Mobility,19,1,2,Hip Mobility — Day 2,QAlFkaaCIfU,Eleni Fit,https://www.youtube.com/@EleniFit,True
Hip Mobility,19,1,3,Hip Mobility — Day 3,c1mdorMppH4,BullyJuice,https://www.youtube.com/@BullyJuice,True
Hip Mobility,19,1,4,Hip Mobility — Day 4,idSZwDq7bRc,Yoga With Julz,https://www.youtube.com/@yogajulz,True
Hip Mobility,19,1,5,Hip Mobility — Day 5,5OAsrNU_ZTE,Tom Merrick,https://www.youtube.com/@BodyweightWarrior,True
Hip Mobility,19,1,6,Hip Mobility — Day 6,jj2AAH6jbHk,Tom Merrick,https://www.youtube.com/@BodyweightWarrior,True
Hip Mobility,19,1,7,Hip Mobility — Day 7,gyRof2bYhiI,Yoga With Tim,https://www.youtube.com/@yogawithtim,True
Hip Mobility,19,2,1,Hip Mobility — Day 1,jCJHKdimP6w,Yoga With Tim,https://www.youtube.com/@yogawithtim,True
Hip Mobility,19,2,2,Hip Mobility — Day 2,laKdlp-XrFQ,Yoga With Tim,https://www.youtube.com/@yogawithtim,True
Hip Mobility,19,2,3,Hip Mobility — Day 3,KfElAgr72Vo,Tom Merrick,https://www.youtube.com/@BodyweightWarrior,True
Hip Mobility,19,2,4,Hip Mobility — Day 4,Ho9em79_0qg,Yoga With Adriene,https://www.youtube.com/@yogawithadriene,True
Hip Mobility,19,2,5,Hip Mobility — Day 5,AvDwWneQOx0,Tom Merrick,https://www.youtube.com/@BodyweightWarrior,True
Hip Mobility,19,2,6,Hip Mobility — Day 6,ZF1mgot06o4,mobility by julia reppel,https://www.youtube.com/@julia.reppel,True
Hip Mobility,19,2,7,Hip Mobility — Day 7,akcv-njNKmU,EDR Fitness,https://www.youtube.com/@edrfitness,True
Hip Opener,37,1,1,Hip Opener — Day 1,kPhrPXdqAB0,BrettLarkinYoga,https://www.youtube.com/@BrettLarkinYoga,True
Hip Opener,37,1,2,Hip Opener — Day 2,hFahKxOZRB8,Jessica Everett Yoga,https://www.youtube.com/@Jessicaeverettyoga,True
Hip Opener,37,1,3,Hip Opener — Day 3,lspgaiTHYkU,Train With Darlla,https://www.youtube.com/@TrainWithDarlla,True
Hip Opener,37,1,4,Hip Opener — Day 4,dg_66cTAVCc,BrettLarkinYoga,https://www.youtube.com/@BrettLarkinYoga,True
Hip Opener,37,1,5,Hip Opener — Day 5,meXek_NTB64,mobility by julia reppel,https://www.youtube.com/@julia.reppel,True
Hip Opener,37,1,6,Hip Opener — Day 6,azoWmuzn0qo,Marie Steffen - The Art of Health,https://www.youtube.com/@MarieSteffen,True
Hip Opener,37,1,7,Hip Opener — Day 7,BVm4q9a8JRo,Vee,https://www.youtube.com/@FlexibleVee,True
Hip Opener,37,2,1,Hip Opener — Day 1,82YfbeTf-zE,FLEXFORM by Shan,https://www.youtube.com/@FLEXFORMbyShan,True
Hip Opener,37,2,2,Hip Opener — Day 2,9wVGFVJq5kg,EDR Fitness,https://www.youtube.com/@edrfitness,True
Hip Opener,37,2,3,Hip Opener — Day 3,AXYwVwufpnE,Spiritbody,https://www.youtube.com/@the.Spiritbody.architect,True
Hip Opener,37,2,4,Hip Opener — Day 4,mbGJ4ViEWMA,Tom Merrick,https://www.youtube.com/@BodyweightWarrior,True
Hip Opener,37,2,5,Hip Opener — Day 5,dcqW72d5JjI,Yoga With Adriene,https://www.youtube.com/@yogawithadriene,True
Hip Opener,37,2,6,Hip Opener — Day 6,kMmInwsgMAU,Yoga with Joelle,https://www.youtube.com/@YogawithJoelle,True
Hip Opener,37,2,7,Hip Opener — Day 7,gkKHAyEdwAM,Caren Hope,https://www.youtube.com/@carenhope,True
HYROX Engine,15,1,1,HYROX Engine — Day 1,xgzvOB_ZPaA,fitness__kaykay,https://www.youtube.com/@fitness__kaykay,True
HYROX Engine,15,1,2,HYROX Engine — Day 2,EeEYD0RVorQ,MDJ FITNESS,https://www.youtube.com/@mdjfitness,True
HYROX Engine,15,1,3,HYROX Engine — Day 3,_FmlNZgpoQE,Imene Ims,https://www.youtube.com/@imeneims1,True
HYROX Engine,15,1,4,HYROX Engine — Day 4,FCTatc6gAOw,Julius Ise,https://www.youtube.com/@juliusise,True
HYROX Engine,15,1,5,HYROX Engine — Day 5,Ol-4IRtmHHs,HYROX: The World Series of Fitness Racing,https://www.youtube.com/@HYROX_OFFICIAL,True
HYROX Engine,15,1,6,HYROX Engine — Day 6,SMBeRwmt_L4,TheWKOUT,https://www.youtube.com/@THEWKOUTOFFICIAL,True
HYROX Engine,15,1,7,HYROX Engine — Day 7,-h11IohQzxU,Rich Ryan,https://www.youtube.com/@RichRyan,True
HYROX Engine,15,2,1,HYROX Engine — Day 1,UQvFI_isYbo,HYROX HUB,https://www.youtube.com/@HYROX-HUB,True
HYROX Engine,15,2,2,HYROX Engine — Day 2,evAj6YOgJsc,RowAlong – Follow Along Rowing Machine Workouts,https://www.youtube.com/@rowalong,True
HYROX Engine,15,2,3,HYROX Engine — Day 3,oTPAv84pvhw,Dark Horse Rowing,https://www.youtube.com/@DarkHorseRowing,True
HYROX Engine,15,2,4,HYROX Engine — Day 4,h0ZViIwNfw8,RowAlong – Follow Along Rowing Machine Workouts,https://www.youtube.com/@rowalong,True
HYROX Engine,15,2,5,HYROX Engine — Day 5,fLQ91UN0DJw,RowAlong – Follow Along Rowing Machine Workouts,https://www.youtube.com/@rowalong,True
HYROX Engine,15,2,6,HYROX Engine — Day 6,3pFkxhHcUX4,RowAlong – Follow Along Rowing Machine Workouts,https://www.youtube.com/@rowalong,True
HYROX Engine,15,2,7,HYROX Engine — Day 7,oFEfpo5cGmM,Dark Horse Rowing,https://www.youtube.com/@DarkHorseRowing,True
HYROX Foundations,13,1,1,HYROX Foundations — Day 1,9lXw0D3dxRQ,PureGym,https://www.youtube.com/@PureGymVideo,True
HYROX Foundations,13,1,2,HYROX Foundations — Day 2,WgRM2e5U6H0,PureGym,https://www.youtube.com/@PureGymVideo,True
HYROX Foundations,13,1,3,HYROX Foundations — Day 3,HvjeefVELGg,Peter Day ,https://www.youtube.com/@peter_day,True
HYROX Foundations,13,1,4,HYROX Foundations — Day 4,0kDHCfSNPcg,Coach Conway,https://www.youtube.com/@coachconway,True
HYROX Foundations,13,1,5,HYROX Foundations — Day 5,pk3Ha_pCArU,Tiago Lousa,https://www.youtube.com/@tiagolousa9077,True
HYROX Foundations,13,1,6,HYROX Foundations — Day 6,gVbglK4Tr6c,Underdog Fitness Gym,https://www.youtube.com/@Underdogfitnessgym,True
HYROX Foundations,13,1,7,HYROX Foundations — Day 7,gn6W2RnyeBM,Jade Skillen - Athlete Performance Coach,https://www.youtube.com/@JadeSkillenPerformanceCoach,True
HYROX Foundations,13,2,1,HYROX Foundations — Day 1,W5gc1Inyha0,Rox Lyfe,https://www.youtube.com/@roxlyfe,True
HYROX Foundations,13,2,2,HYROX Foundations — Day 2,8dzotRViMtA,HYROX HUB,https://www.youtube.com/@HYROX-HUB,True
HYROX Foundations,13,2,3,HYROX Foundations — Day 3,4_eOgvs5ZEo,Steven Collins,https://www.youtube.com/@stevencollinstraining,True
HYROX Foundations,13,2,4,HYROX Foundations — Day 4,8DxYR5zZL44,Leana Deeb,https://www.youtube.com/@leanadeeb,True
HYROX Foundations,13,2,5,HYROX Foundations — Day 5,gU4YXeeRiEo,Juice & Toya,https://www.youtube.com/@JuiceandToya,True
HYROX Foundations,13,2,6,HYROX Foundations — Day 6,IIRR_KYYGvA,BADI,https://www.youtube.com/@BADI_Workouts,True
HYROX Foundations,13,2,7,HYROX Foundations — Day 7,P23TrX73YZc,mobility by julia reppel,https://www.youtube.com/@julia.reppel,True
HYROX Simulation,16,1,1,HYROX Simulation — Day 1,eHnvndpBNnM,Rich Ryan,https://www.youtube.com/@RichRyan,True
HYROX Simulation,16,1,2,HYROX Simulation — Day 2,9fWTShnmWV0,Rich Ryan,https://www.youtube.com/@RichRyan,True
HYROX Simulation,16,1,3,HYROX Simulation — Day 3,OcHu08jZ8TY,CrossFit Milford,https://www.youtube.com/@crossfitmilfordct,True
HYROX Simulation,16,1,4,HYROX Simulation — Day 4,JbEBieDBdP0,Rich Ryan,https://www.youtube.com/@RichRyan,True
HYROX Simulation,16,1,5,HYROX Simulation — Day 5,4o5_XSEO1T4,Nik Run The Hills ,https://www.youtube.com/@NikRunTheHills,True
HYROX Simulation,16,1,6,HYROX Simulation — Day 6,9YitM49IadI,HYROX HUB,https://www.youtube.com/@HYROX-HUB,True
HYROX Simulation,16,1,7,HYROX Simulation — Day 7,9RJiSvgaiJU,Mat Fraser | HWPO,https://www.youtube.com/@MatFraserHWPOTraining,True
HYROX Simulation,16,2,1,HYROX Simulation — Day 1,t8teWM7jbDI,The Progrm,https://www.youtube.com/@TheProgrm,True
HYROX Simulation,16,2,2,HYROX Simulation — Day 2,9xGn5Lj0ZxY,Hyrox Luke,https://www.youtube.com/@hyroxluke,True
HYROX Simulation,16,2,3,HYROX Simulation — Day 3,Q_VBYrp0by8,nourishmovelove,https://www.youtube.com/@nourishmovelove,True
HYROX Simulation,16,2,4,HYROX Simulation — Day 4,NC6o_XeOHso,Liney Bezuidenhout | Home Workouts,https://www.youtube.com/@grapefitt,True
HYROX Simulation,16,2,5,HYROX Simulation — Day 5,bllYPh2wl8I,The Work-Out Zone sport,https://www.youtube.com/@thework-out,True
HYROX Simulation,16,2,6,HYROX Simulation — Day 6,pZwC2qEuvhA,fitness__kaykay,https://www.youtube.com/@fitness__kaykay,True
HYROX Simulation,16,2,7,HYROX Simulation — Day 7,7zGkCYdYla8,Michelle Briehler,https://www.youtube.com/@MichelleBriehler,True
HYROX Sled & Carry,14,1,1,HYROX Sled & Carry — Day 1,UTO-GzRXF-Q,Wolverson Fitness,https://www.youtube.com/@wolversonfit,True
HYROX Sled & Carry,14,1,2,HYROX Sled & Carry — Day 2,GE-xh9r-LM0,Tiago Lousa,https://www.youtube.com/@tiagolousa9077,True
HYROX Sled & Carry,14,1,3,HYROX Sled & Carry — Day 3,3eXUefIatHk,PureGym,https://www.youtube.com/@PureGymVideo,True
HYROX Sled & Carry,14,1,4,HYROX Sled & Carry — Day 4,qrYftsXP9Wk,Tiago Lousa,https://www.youtube.com/@tiagolousa9077,True
HYROX Sled & Carry,14,1,5,HYROX Sled & Carry — Day 5,953Rprd4yO0,HYROX HUB,https://www.youtube.com/@HYROX-HUB,True
HYROX Sled & Carry,14,1,6,HYROX Sled & Carry — Day 6,4qsflZHfFwg,JayFit ,https://www.youtube.com/@JayFitPT,True
HYROX Sled & Carry,14,1,7,HYROX Sled & Carry — Day 7,nazf8RVnirI,Velites,https://www.youtube.com/@velites_sport,True
HYROX Sled & Carry,14,2,1,HYROX Sled & Carry — Day 1,QZ3f6PspFD8,,,False
HYROX Sled & Carry,14,2,2,HYROX Sled & Carry — Day 2,r_xScEKcdD8,Mountain Tactical Institute,https://www.youtube.com/@mtntactical,True
HYROX Sled & Carry,14,2,3,HYROX Sled & Carry — Day 3,m8sXtp8GFs0,Sydney Cummings Houdyshell,https://www.youtube.com/@sydneycummingshoudyshell,True
HYROX Sled & Carry,14,2,4,HYROX Sled & Carry — Day 4,lWVnz3DU3q0,Juice & Toya,https://www.youtube.com/@JuiceandToya,True
HYROX Sled & Carry,14,2,5,HYROX Sled & Carry — Day 5,dRUFBaPLAIc,Kaleigh Cohen Strength,https://www.youtube.com/@KaleighStrength,True
HYROX Sled & Carry,14,2,6,HYROX Sled & Carry — Day 6,prk2ogFKuV4,Marie Steffen - The Art of Health,https://www.youtube.com/@MarieSteffen,True
HYROX Sled & Carry,14,2,7,HYROX Sled & Carry — Day 7,NcX0YCz6WeI,Juice & Toya,https://www.youtube.com/@JuiceandToya,True
Intense Tabata,11,1,1,Intense Tabata — Day 1,otiEptaKikE,Juice & Toya,https://www.youtube.com/@JuiceandToya,True
Intense Tabata,11,1,2,Intense Tabata — Day 2,J8EeluUr4ak,growingannanas,https://www.youtube.com/@growingannanas,True
Intense Tabata,11,1,3,Intense Tabata — Day 3,_v2BQqi6GBw,Jessica Valant,https://www.youtube.com/@Jessicasvalant,True
Intense Tabata,11,1,4,Intense Tabata — Day 4,h8AYtD6bPlo,growingannanas,https://www.youtube.com/@growingannanas,True
Intense Tabata,11,1,5,Intense Tabata — Day 5,plxpRIkIeY4,growingannanas,https://www.youtube.com/@growingannanas,True
Intense Tabata,11,1,6,Intense Tabata — Day 6,Qoia960kas8,growingannanas,https://www.youtube.com/@growingannanas,True
Intense Tabata,11,1,7,Intense Tabata — Day 7,ppxnmrcuZA0,Heather Robertson,https://www.youtube.com/@Heatherrobertsoncom,True
Intense Tabata,11,2,1,Intense Tabata — Day 1,frwuCgRcekU,Heather Robertson,https://www.youtube.com/@Heatherrobertsoncom,True
Intense Tabata,11,2,2,Intense Tabata — Day 2,sHgLdjyhbdA,PS Fit ,https://www.youtube.com/@PS_Fit,True
Intense Tabata,11,2,3,Intense Tabata — Day 3,AlVpDu6M4Ac,PS Fit ,https://www.youtube.com/@PS_Fit,True
Intense Tabata,11,2,4,Intense Tabata — Day 4,WmCvgmd5Mec,PS Fit ,https://www.youtube.com/@PS_Fit,True
Intense Tabata,11,2,5,Intense Tabata — Day 5,XIeCMhNWFQQ,PS Fit ,https://www.youtube.com/@PS_Fit,True
Intense Tabata,11,2,6,Intense Tabata — Day 6,W6WBJgc3TSg,Heather Robertson,https://www.youtube.com/@Heatherrobertsoncom,True
Intense Tabata,11,2,7,Intense Tabata — Day 7,UvBLAJDnqao,Heather Robertson,https://www.youtube.com/@Heatherrobertsoncom,True
Joint-Friendly Strength,22,1,1,Joint-Friendly Strength — Day 1,JkVHrA5o23o,MadFit,https://www.youtube.com/@MadFit,True
Joint-Friendly Strength,22,1,2,Joint-Friendly Strength — Day 2,NA3ZJvvTklE,AnnaFitG,https://www.youtube.com/@annafitg,True
Joint-Friendly Strength,22,1,3,Joint-Friendly Strength — Day 3,BQYDOcEhTSY,HASfit,https://www.youtube.com/@HASfit,True
Joint-Friendly Strength,22,1,4,Joint-Friendly Strength — Day 4,8U7RuDlwXCU,TIFF x DAN,https://www.youtube.com/@TIFFxDAN,True
Joint-Friendly Strength,22,1,5,Joint-Friendly Strength — Day 5,fuCTadJ1OX0,Penny Barnshaw - Garage Fitness Girl,https://www.youtube.com/@garagefitnessgirl,True
Joint-Friendly Strength,22,1,6,Joint-Friendly Strength — Day 6,isNJ285WyBc,Dan the HIIT Man,https://www.youtube.com/@DantheHIITMan,True
Joint-Friendly Strength,22,1,7,Joint-Friendly Strength — Day 7,q2OvUyIArOg,Heather Robertson,https://www.youtube.com/@Heatherrobertsoncom,True
Joint-Friendly Strength,22,2,1,Joint-Friendly Strength — Day 1,IHzqhKzKar0,growingannanas,https://www.youtube.com/@growingannanas,True
Joint-Friendly Strength,22,2,2,Joint-Friendly Strength — Day 2,ADH89SypKYU,Caroline Jordan,https://www.youtube.com/@CarolineJordan,True
Joint-Friendly Strength,22,2,3,Joint-Friendly Strength — Day 3,tyj04r8unL8,Caroline Jordan,https://www.youtube.com/@CarolineJordan,True
Joint-Friendly Strength,22,2,4,Joint-Friendly Strength — Day 4,roj4P8FQZIE,Caroline Jordan,https://www.youtube.com/@CarolineJordan,True
Joint-Friendly Strength,22,2,5,Joint-Friendly Strength — Day 5,HahqtAvxs5o,Caroline Jordan,https://www.youtube.com/@CarolineJordan,True
Joint-Friendly Strength,22,2,6,Joint-Friendly Strength — Day 6,U0bhE67HuDY,HASfit,https://www.youtube.com/@HASfit,True
Joint-Friendly Strength,22,2,7,Joint-Friendly Strength — Day 7,RPi9aJGuRDM,HASfit,https://www.youtube.com/@HASfit,True
Low-Impact HIIT,44,1,1,Low-Impact HIIT — Day 1,BOlKb-869Xg,fitbymik,https://www.youtube.com/@fitbymik,True
Low-Impact HIIT,44,1,2,Low-Impact HIIT — Day 2,VkyQ4VVj8b8,growingannanas,https://www.youtube.com/@growingannanas,True
Low-Impact HIIT,44,1,3,Low-Impact HIIT — Day 3,DMAxIrCAAZ0,MadFit,https://www.youtube.com/@MadFit,True
Low-Impact HIIT,44,1,4,Low-Impact HIIT — Day 4,F3m16zmJ_fo,Bupa Health,https://www.youtube.com/@BupaHealth,True
Low-Impact HIIT,44,1,5,Low-Impact HIIT — Day 5,IhaF7jYEqpg,HASfit,https://www.youtube.com/@HASfit,True
Low-Impact HIIT,44,1,6,Low-Impact HIIT — Day 6,31TTXOFzO6k,The Tori Method,https://www.youtube.com/@TheToriMethod,True
Low-Impact HIIT,44,1,7,Low-Impact HIIT — Day 7,y9tCR5WozM8,BodyFit By Amy,https://www.youtube.com/@BodyFitByAmy,True
Low-Impact HIIT,44,2,1,Low-Impact HIIT — Day 1,ZIDDXcczZo4,TIFF x DAN,https://www.youtube.com/@TIFFxDAN,True
Low-Impact HIIT,44,2,2,Low-Impact HIIT — Day 2,CHEKaiiGjFw,MadFit,https://www.youtube.com/@MadFit,True
Low-Impact HIIT,44,2,3,Low-Impact HIIT — Day 3,u3h_Yr40rhg,MadFit,https://www.youtube.com/@MadFit,True
Low-Impact HIIT,44,2,4,Low-Impact HIIT — Day 4,iqViApU5zk8,MadFit,https://www.youtube.com/@MadFit,True
Low-Impact HIIT,44,2,5,Low-Impact HIIT — Day 5,EIyRqlUn9hE,MadFit,https://www.youtube.com/@MadFit,True
Low-Impact HIIT,44,2,6,Low-Impact HIIT — Day 6,S-0-jr0ijBc,fitbymik,https://www.youtube.com/@fitbymik,True
Low-Impact HIIT,44,2,7,Low-Impact HIIT — Day 7,fLRIG7UFG3E,MadFit,https://www.youtube.com/@MadFit,True
Lower Back Relief,39,1,1,Lower Back Relief — Day 1,WQ6p2ZDhCS8,Doctor O'Donovan,https://www.youtube.com/@DrODonovan,True
Lower Back Relief,39,1,2,Lower Back Relief — Day 2,HzXkMnvqojE,Mady Morrison,https://www.youtube.com/@madymorrison,True
Lower Back Relief,39,1,3,Lower Back Relief — Day 3,aM_pGHLJGXU,Coach Sofia,https://www.youtube.com/@CoachSofia,True
Lower Back Relief,39,1,4,Lower Back Relief — Day 4,7V-EbW-DmN0,HASfit,https://www.youtube.com/@HASfit,True
Lower Back Relief,39,1,5,Lower Back Relief — Day 5,aMJER9zwIY8,Tone and Tighten,https://www.youtube.com/@toneandtighten,True
Lower Back Relief,39,1,6,Lower Back Relief — Day 6,E9_xmcrFPlg,Juice & Toya,https://www.youtube.com/@JuiceandToya,True
Lower Back Relief,39,1,7,Lower Back Relief — Day 7,2eA2Koq6pTI,Mady Morrison,https://www.youtube.com/@madymorrison,True
Lower Back Relief,39,2,1,Lower Back Relief — Day 1,1x2mU-2m9HY,Tone and Tighten,https://www.youtube.com/@toneandtighten,True
Lower Back Relief,39,2,2,Lower Back Relief — Day 2,5cRbDPWavhI,Tone and Tighten,https://www.youtube.com/@toneandtighten,True
Lower Back Relief,39,2,3,Lower Back Relief — Day 3,DxIeqiyYZkQ,Tone and Tighten,https://www.youtube.com/@toneandtighten,True
Lower Back Relief,39,2,4,Lower Back Relief — Day 4,0wAw1-1MHa4,Tone and Tighten,https://www.youtube.com/@toneandtighten,True
Lower Back Relief,39,2,5,Lower Back Relief — Day 5,gEOwBSYs1pk,Tone and Tighten,https://www.youtube.com/@toneandtighten,True
Lower Back Relief,39,2,6,Lower Back Relief — Day 6,_cYzY8FIMQM,Dr. Kristie Ennis,https://www.youtube.com/@drkristieennis,True
Lower Back Relief,39,2,7,Lower Back Relief — Day 7,Kt3bWRd6aX0,Tom Peto Training,https://www.youtube.com/@TomPetoTraining,True
Lower-Body Strength,3,1,1,Lower-Body Strength — Day 1,JwgU--v8r40,Tom Peto Training,https://www.youtube.com/@TomPetoTraining,True
Lower-Body Strength,3,1,2,Lower-Body Strength — Day 2,ThX-NUyXGvA,Tom Peto Training,https://www.youtube.com/@TomPetoTraining,True
Lower-Body Strength,3,1,3,Lower-Body Strength — Day 3,Elj9lZ1vu3A,Tom Peto Training,https://www.youtube.com/@TomPetoTraining,True
Lower-Body Strength,3,1,4,Lower-Body Strength — Day 4,Tl1YMAZV-Hw,Sunny Health & Fitness,https://www.youtube.com/@SunnyHealthFitness,True
Lower-Body Strength,3,1,5,Lower-Body Strength — Day 5,JkEOVQw29Ks,Sunny Health & Fitness,https://www.youtube.com/@SunnyHealthFitness,True
Lower-Body Strength,3,1,6,Lower-Body Strength — Day 6,xcZFH6y09SI,Move With Misa,https://www.youtube.com/@MoveWithMisa,True
Lower-Body Strength,3,1,7,Lower-Body Strength — Day 7,vXOp-qnVNJs,TIFF x DAN,https://www.youtube.com/@TIFFxDAN,True
Lower-Body Strength,3,2,1,Lower-Body Strength — Day 1,CNNSheJAg3A,Liney Bezuidenhout | Home Workouts,https://www.youtube.com/@grapefitt,True
Lower-Body Strength,3,2,2,Lower-Body Strength — Day 2,-7V14if67_8,Caroline Girvan,https://www.youtube.com/@CarolineGirvan,True
Lower-Body Strength,3,2,3,Lower-Body Strength — Day 3,ZZI__bqlBkQ,Caroline Girvan,https://www.youtube.com/@CarolineGirvan,True
Lower-Body Strength,3,2,4,Lower-Body Strength — Day 4,BscZn_btT3g,Sydney Cummings Houdyshell,https://www.youtube.com/@sydneycummingshoudyshell,True
Lower-Body Strength,3,2,5,Lower-Body Strength — Day 5,VKweAFolBxM,Sydney Cummings Houdyshell,https://www.youtube.com/@sydneycummingshoudyshell,True
Lower-Body Strength,3,2,6,Lower-Body Strength — Day 6,7hgRJIvosvo,Heather Robertson,https://www.youtube.com/@Heatherrobertsoncom,True
Lower-Body Strength,3,2,7,Lower-Body Strength — Day 7,eemRXHKsGIc,Heather Robertson,https://www.youtube.com/@Heatherrobertsoncom,True
Morning Mobility,17,1,1,Morning Mobility — Day 1,TFSYNWPYujQ,Soheil Var,https://www.youtube.com/@SoheilVar,True
Morning Mobility,17,1,2,Morning Mobility — Day 2,R3WDe7byUXo,Tom Merrick,https://www.youtube.com/@BodyweightWarrior,True
Morning Mobility,17,1,3,Morning Mobility — Day 3,aRVFt79LqCM,mobility by julia reppel,https://www.youtube.com/@julia.reppel,True
Morning Mobility,17,1,4,Morning Mobility — Day 4,nR8Lwyb0WW8,Soheil Var,https://www.youtube.com/@SoheilVar,True
Morning Mobility,17,1,5,Morning Mobility — Day 5,pr7nmMAZYqg,Tom Merrick,https://www.youtube.com/@BodyweightWarrior,True
Morning Mobility,17,1,6,Morning Mobility — Day 6,aqvVHAxa37E,EDR Fitness,https://www.youtube.com/@edrfitness,True
Morning Mobility,17,1,7,Morning Mobility — Day 7,ddlULhzLbPU,mobility by julia reppel,https://www.youtube.com/@julia.reppel,True
Morning Mobility,17,2,1,Morning Mobility — Day 1,O90ZZd1WEQs,Tom Merrick,https://www.youtube.com/@BodyweightWarrior,True
Morning Mobility,17,2,2,Morning Mobility — Day 2,L-efXuahyYk,Body Now,https://www.youtube.com/@body-now,True
Morning Mobility,17,2,3,Morning Mobility — Day 3,2IcWJobNDck,Yoga With Adriene,https://www.youtube.com/@yogawithadriene,True
Morning Mobility,17,2,4,Morning Mobility — Day 4,zByAf275cjc,EDR Fitness,https://www.youtube.com/@edrfitness,True
Morning Mobility,17,2,5,Morning Mobility — Day 5,yDOImN60yhQ,mobility by julia reppel,https://www.youtube.com/@julia.reppel,True
Morning Mobility,17,2,6,Morning Mobility — Day 6,vYEeGGbsp_s,EDR Fitness,https://www.youtube.com/@edrfitness,True
Morning Mobility,17,2,7,Morning Mobility — Day 7,phIW4Jh8jm8,mobility by julia reppel,https://www.youtube.com/@julia.reppel,True
Morning Yoga Flow,5,1,1,Morning Yoga Flow — Day 1,rrLkhg3fA0M,Jess Yoga,https://www.youtube.com/@JessicaRichburg,True
Morning Yoga Flow,5,1,2,Morning Yoga Flow — Day 2,Na_LIuqwzao,Yoga With Tim,https://www.youtube.com/@yogawithtim,True
Morning Yoga Flow,5,1,3,Morning Yoga Flow — Day 3,VG6l3ddRGbY,Jess Yoga,https://www.youtube.com/@JessicaRichburg,True
Morning Yoga Flow,5,1,4,Morning Yoga Flow — Day 4,c56tAJ9KjRg,Jess Yoga,https://www.youtube.com/@JessicaRichburg,True
Morning Yoga Flow,5,1,5,Morning Yoga Flow — Day 5,Iw487K9C5oA,Jess Yoga,https://www.youtube.com/@JessicaRichburg,True
Morning Yoga Flow,5,1,6,Morning Yoga Flow — Day 6,W-e55pc4ZSk,Yoga with Kassandra,https://www.youtube.com/@yogawithkassandra,True
Morning Yoga Flow,5,1,7,Morning Yoga Flow — Day 7,WlqMxS4p61c,YOGA UPLOAD with Maris Aylward,https://www.youtube.com/@YogaUpload,True
Morning Yoga Flow,5,2,1,Morning Yoga Flow — Day 1,aYDt3PW7O8E,Charlie Follows,https://www.youtube.com/@CharlieFollows,True
Morning Yoga Flow,5,2,2,Morning Yoga Flow — Day 2,jsLAc-2y0bE,Yoga With Adriene,https://www.youtube.com/@yogawithadriene,True
Morning Yoga Flow,5,2,3,Morning Yoga Flow — Day 3,OMu6OKF5Z1k,Yoga With Adriene,https://www.youtube.com/@yogawithadriene,True
Morning Yoga Flow,5,2,4,Morning Yoga Flow — Day 4,r7xsYgTeM2Q,Yoga With Adriene,https://www.youtube.com/@yogawithadriene,True
Morning Yoga Flow,5,2,5,Morning Yoga Flow — Day 5,UEEsdXn8oG8,Yoga With Adriene,https://www.youtube.com/@yogawithadriene,True
Morning Yoga Flow,5,2,6,Morning Yoga Flow — Day 6,Qw2fwLuWeMU,SarahBethYoga,https://www.youtube.com/@sarahbethyoga,True
Morning Yoga Flow,5,2,7,Morning Yoga Flow — Day 7,T0_X02wY6YI,SarahBethYoga,https://www.youtube.com/@sarahbethyoga,True
Neck & Shoulder Release,40,1,1,Neck & Shoulder Release — Day 1,s-7lyvblFNI,Mady Morrison,https://www.youtube.com/@madymorrison,True
Neck & Shoulder Release,40,1,2,Neck & Shoulder Release — Day 2,fTRv8dEgK3I,Dr. Kristie Ennis,https://www.youtube.com/@drkristieennis,True
Neck & Shoulder Release,40,1,3,Neck & Shoulder Release — Day 3,6FyHoo4Vfxg,Eleni Fit,https://www.youtube.com/@EleniFit,True
Neck & Shoulder Release,40,1,4,Neck & Shoulder Release — Day 4,9K8FPRfJqyY,Improved Health Chair Workouts,https://www.youtube.com/@ImprovedHealthChairWorkouts,True
Neck & Shoulder Release,40,1,5,Neck & Shoulder Release — Day 5,ew3t1XiXLAk,Michelle Kenway,https://www.youtube.com/@michellephysio,True
Neck & Shoulder Release,40,1,6,Neck & Shoulder Release — Day 6,fDzJbizG0cQ,SarahBethYoga,https://www.youtube.com/@sarahbethyoga,True
Neck & Shoulder Release,40,1,7,Neck & Shoulder Release — Day 7,2XAZ8RBzR0U,Yoga with Kassandra,https://www.youtube.com/@yogawithkassandra,True
Neck & Shoulder Release,40,2,1,Neck & Shoulder Release — Day 1,TAPDymxw6nA,MonikaFit,https://www.youtube.com/@MonikaFitt,True
Neck & Shoulder Release,40,2,2,Neck & Shoulder Release — Day 2,X_67yC1XTAk,Run Better with Ash,https://www.youtube.com/@RunBetterwithAsh,True
Neck & Shoulder Release,40,2,3,Neck & Shoulder Release — Day 3,7IJmT1G69AM,Yoga with Kassandra,https://www.youtube.com/@yogawithkassandra,True
Neck & Shoulder Release,40,2,4,Neck & Shoulder Release — Day 4,kDWh6FzynEA,FreeMindFit,https://www.youtube.com/@FreeMindFit,True
Neck & Shoulder Release,40,2,5,Neck & Shoulder Release — Day 5,Giqe8sxzf-E,Well+Good,https://www.youtube.com/@Wellandgood,True
Neck & Shoulder Release,40,2,6,Neck & Shoulder Release — Day 6,g6LjX16ejNY,nourishmovelove,https://www.youtube.com/@nourishmovelove,True
Neck & Shoulder Release,40,2,7,Neck & Shoulder Release — Day 7,RUS50iYq8-8,SarahBethYoga,https://www.youtube.com/@sarahbethyoga,True
No-Equipment Cardio,10,1,1,No-Equipment Cardio — Day 1,cbKkB3POqaY,growingannanas,https://www.youtube.com/@growingannanas,True
No-Equipment Cardio,10,1,2,No-Equipment Cardio — Day 2,OlLpsCpHZLU,nourishmovelove,https://www.youtube.com/@nourishmovelove,True
No-Equipment Cardio,10,1,3,No-Equipment Cardio — Day 3,ozwoXZcX__I,fitbymik,https://www.youtube.com/@fitbymik,True
No-Equipment Cardio,10,1,4,No-Equipment Cardio — Day 4,K0O0AzSvO28,Heather Robertson,https://www.youtube.com/@Heatherrobertsoncom,True
No-Equipment Cardio,10,1,5,No-Equipment Cardio — Day 5,uhpo1amlLZo,nourishmovelove,https://www.youtube.com/@nourishmovelove,True
No-Equipment Cardio,10,1,6,No-Equipment Cardio — Day 6,JB5S6mkicEc,Lucy Wyndham-Read,https://www.youtube.com/@lucywyndhamread,True
No-Equipment Cardio,10,1,7,No-Equipment Cardio — Day 7,vJaTJSR4JYk,SeniorShape Fitness,https://www.youtube.com/@SeniorShapeFitness,True
No-Equipment Cardio,10,2,1,No-Equipment Cardio — Day 1,5WpDbFeuJQQ,Heather Robertson,https://www.youtube.com/@Heatherrobertsoncom,True
No-Equipment Cardio,10,2,2,No-Equipment Cardio — Day 2,XvyJqynrJnM,growingannanas,https://www.youtube.com/@growingannanas,True
No-Equipment Cardio,10,2,3,No-Equipment Cardio — Day 3,hLVh5IBsCxk,growingannanas,https://www.youtube.com/@growingannanas,True
No-Equipment Cardio,10,2,4,No-Equipment Cardio — Day 4,-4O_Rc1PIxU,Sydney Cummings Houdyshell,https://www.youtube.com/@sydneycummingshoudyshell,True
No-Equipment Cardio,10,2,5,No-Equipment Cardio — Day 5,XqYGBb31fLA,Sydney Cummings Houdyshell,https://www.youtube.com/@sydneycummingshoudyshell,True
No-Equipment Cardio,10,2,6,No-Equipment Cardio — Day 6,MjeErm3nZ64,Sydney Cummings Houdyshell,https://www.youtube.com/@sydneycummingshoudyshell,True
No-Equipment Cardio,10,2,7,No-Equipment Cardio — Day 7,af49HZUnMNE,MadFit,https://www.youtube.com/@MadFit,True
Posture Reset,29,1,1,Posture Reset — Day 1,SYr6lbx68n8,Jeremy Ethier,https://www.youtube.com/@JeremyEthier,True
Posture Reset,29,1,2,Posture Reset — Day 2,4k6KvmqVMWw,Charlie Follows,https://www.youtube.com/@CharlieFollows,True
Posture Reset,29,1,3,Posture Reset — Day 3,b1H3xO3x_Js,Yoga With Adriene,https://www.youtube.com/@yogawithadriene,True
Posture Reset,29,1,4,Posture Reset — Day 4,ejGnLWcq-zE,mobility by julia reppel,https://www.youtube.com/@julia.reppel,True
Posture Reset,29,1,5,Posture Reset — Day 5,jyWEHAkgI2g,Studio Jibby,https://www.youtube.com/@StudioJibby,True
Posture Reset,29,1,6,Posture Reset — Day 6,s5I4X2MOyb8,Tone and Tighten,https://www.youtube.com/@toneandtighten,True
Posture Reset,29,1,7,Posture Reset — Day 7,CpJxCPBS8lU,HASfit,https://www.youtube.com/@HASfit,True
Posture Reset,29,2,1,Posture Reset — Day 1,94MRAHzFx94,Hailey C.,https://www.youtube.com/@HaileyC.,True
Posture Reset,29,2,2,Posture Reset — Day 2,uHfeTW1QLBg,Dr. Jon Saunders,https://www.youtube.com/@drjonsaunders,True
Posture Reset,29,2,3,Posture Reset — Day 3,aPd06RUKDsE,Dr. Jon Saunders,https://www.youtube.com/@drjonsaunders,True
Posture Reset,29,2,4,Posture Reset — Day 4,yEvEjU4VJG8,Dr. Jon Saunders,https://www.youtube.com/@drjonsaunders,True
Posture Reset,29,2,5,Posture Reset — Day 5,XWQvmh_INTQ,Jeremy Ethier,https://www.youtube.com/@JeremyEthier,True
Posture Reset,29,2,6,Posture Reset — Day 6,fBn8u_Dlgtc,AskDoctorJo,https://www.youtube.com/@AskDoctorJo,True
Posture Reset,29,2,7,Posture Reset — Day 7,NqeZ14XYAJI,Bob & Brad,https://www.youtube.com/@BobandBrad,True
Power Yoga,7,1,1,Power Yoga — Day 1,3fSIO3sogjA,Yoga with Kassandra,https://www.youtube.com/@yogawithkassandra,True
Power Yoga,7,1,2,Power Yoga — Day 2,A4ViwsLKoSY,ALO,https://www.youtube.com/@Aloyoga,True
Power Yoga,7,1,3,Power Yoga — Day 3,ZfF0Av3U2RU,Breathe and Flow,https://www.youtube.com/@BreatheAndFlow,True
Power Yoga,7,1,4,Power Yoga — Day 4,BkjM3aNl20I,Jess Yoga,https://www.youtube.com/@JessicaRichburg,True
Power Yoga,7,1,5,Power Yoga — Day 5,PwYO8zKQsr8,Tana Yoga,https://www.youtube.com/@TanaYoga,True
Power Yoga,7,1,6,Power Yoga — Day 6,Eml2xnoLpYE,growingannanas,https://www.youtube.com/@growingannanas,True
Power Yoga,7,1,7,Power Yoga — Day 7,CJ086OCZPGk,Boho Beautiful Yoga,https://www.youtube.com/@bohobeautiful,True
Power Yoga,7,2,1,Power Yoga — Day 1,ZrZPU00iAJ0,Charlie Follows,https://www.youtube.com/@CharlieFollows,True
Power Yoga,7,2,2,Power Yoga — Day 2,kJ_bm5NCWTs,Yoga with Kassandra,https://www.youtube.com/@yogawithkassandra,True
Power Yoga,7,2,3,Power Yoga — Day 3,Eb5dsG7L7lo,Boho Beautiful Yoga,https://www.youtube.com/@bohobeautiful,True
Power Yoga,7,2,4,Power Yoga — Day 4,ZrtiBtRQ2uc,Boho Beautiful Yoga,https://www.youtube.com/@bohobeautiful,True
Power Yoga,7,2,5,Power Yoga — Day 5,WwzihD_WmFE,Yoga With Adriene,https://www.youtube.com/@yogawithadriene,True
Power Yoga,7,2,6,Power Yoga — Day 6,RKUNOvgM0Y4,Yoga With Adriene,https://www.youtube.com/@yogawithadriene,True
Power Yoga,7,2,7,Power Yoga — Day 7,VvYCKlkLhNQ,Yoga With Adriene,https://www.youtube.com/@yogawithadriene,True
Restorative Yoga,8,1,1,Restorative Yoga — Day 1,jvvHXxsd7jM,Charlie Follows,https://www.youtube.com/@CharlieFollows,True
Restorative Yoga,8,1,2,Restorative Yoga — Day 2,TL705DnMZAw,Charlie Follows,https://www.youtube.com/@CharlieFollows,True
Restorative Yoga,8,1,3,Restorative Yoga — Day 3,TjpGd36zTd4,Yoga With Tim,https://www.youtube.com/@yogawithtim,True
Restorative Yoga,8,1,4,Restorative Yoga — Day 4,W3LS7J68bic,Charlie Follows,https://www.youtube.com/@CharlieFollows,True
Restorative Yoga,8,1,5,Restorative Yoga — Day 5,rtPLCoRKku4,Travis Eliot,https://www.youtube.com/@traviseliotyoga,True
Restorative Yoga,8,1,6,Restorative Yoga — Day 6,V5DjVzCCijI,Yoga with Kassandra,https://www.youtube.com/@yogawithkassandra,True
Restorative Yoga,8,1,7,Restorative Yoga — Day 7,GLCHFAy8it0,Yoga with Kate Amber,https://www.youtube.com/@KateAmberYoga,True
Restorative Yoga,8,2,1,Restorative Yoga — Day 1,yRsJXWqYEQs,YOGATX,https://www.youtube.com/@yogatx,True
Restorative Yoga,8,2,2,Restorative Yoga — Day 2,VG6l3ddRGbY,Jess Yoga,https://www.youtube.com/@JessicaRichburg,True
Restorative Yoga,8,2,3,Restorative Yoga — Day 3,v7SN-d4qXx0,Yoga With Adriene,https://www.youtube.com/@yogawithadriene,True
Restorative Yoga,8,2,4,Restorative Yoga — Day 4,jHZPtn15agE,Yoga With Adriene,https://www.youtube.com/@yogawithadriene,True
Restorative Yoga,8,2,5,Restorative Yoga — Day 5,VXQZhZfjiDU,YouAligned,https://www.youtube.com/@youaligned,True
Restorative Yoga,8,2,6,Restorative Yoga — Day 6,sdaYb7Pzl5E,Yoga with Kassandra,https://www.youtube.com/@yogawithkassandra,True
Restorative Yoga,8,2,7,Restorative Yoga — Day 7,rtSE7D7tsIM,Yoga with Kassandra,https://www.youtube.com/@yogawithkassandra,True
Sculpt & Tone,34,1,1,Sculpt & Tone — Day 1,nl7Wdb8qyXY,MadFit,https://www.youtube.com/@MadFit,True
Sculpt & Tone,34,1,2,Sculpt & Tone — Day 2,xxVRCzT2a1E,MadFit,https://www.youtube.com/@MadFit,True
Sculpt & Tone,34,1,3,Sculpt & Tone — Day 3,dt5sbgPJqEw,fitbymik,https://www.youtube.com/@fitbymik,True
Sculpt & Tone,34,1,4,Sculpt & Tone — Day 4,lWhBGowNAVM,MadFit,https://www.youtube.com/@MadFit,True
Sculpt & Tone,34,1,5,Sculpt & Tone — Day 5,i7q78eUpHFw,MrandMrsMuscle,https://www.youtube.com/@Mrandmrsmuscle,True
Sculpt & Tone,34,1,6,Sculpt & Tone — Day 6,pUcRAdgWReo,fitbymik,https://www.youtube.com/@fitbymik,True
Sculpt & Tone,34,1,7,Sculpt & Tone — Day 7,qtirZTrnzo8,Nobadaddiction,https://www.youtube.com/@Nobadaddiction,True
Sculpt & Tone,34,2,1,Sculpt & Tone — Day 1,8PDoi7g2gZc,fitbymik,https://www.youtube.com/@fitbymik,True
Sculpt & Tone,34,2,2,Sculpt & Tone — Day 2,n6snkSfxj_Y,Sydney Cummings Houdyshell,https://www.youtube.com/@sydneycummingshoudyshell,True
Sculpt & Tone,34,2,3,Sculpt & Tone — Day 3,N6vmtkKy6-E,Sydney Cummings Houdyshell,https://www.youtube.com/@sydneycummingshoudyshell,True
Sculpt & Tone,34,2,4,Sculpt & Tone — Day 4,qf37QFT08YQ,A Way Through,https://www.youtube.com/@awaythrough4u,True
Sculpt & Tone,34,2,5,Sculpt & Tone — Day 5,-vGcK_1glIk,Juice & Toya,https://www.youtube.com/@JuiceandToya,True
Sculpt & Tone,34,2,6,Sculpt & Tone — Day 6,UBMk30rjy0o,Pamela Reif,https://www.youtube.com/@PamelaRf1,True
Sculpt & Tone,34,2,7,Sculpt & Tone — Day 7,Gy7uiuoOlEM,Heather Robertson,https://www.youtube.com/@Heatherrobertsoncom,True
Start Without Jumping,21,1,1,Start Without Jumping — Day 1,kwEx3l998Ps,Juice & Toya,https://www.youtube.com/@JuiceandToya,True
Start Without Jumping,21,1,2,Start Without Jumping — Day 2,6VosYoMb0IU,nourishmovelove,https://www.youtube.com/@nourishmovelove,True
Start Without Jumping,21,1,3,Start Without Jumping — Day 3,p7In4bc0x0Y,HASfit,https://www.youtube.com/@HASfit,True
Start Without Jumping,21,1,4,Start Without Jumping — Day 4,Y-M5sZp_54Y,Michelle Briehler,https://www.youtube.com/@MichelleBriehler,True
Start Without Jumping,21,1,5,Start Without Jumping — Day 5,QxME1mx2yXM,HASfit,https://www.youtube.com/@HASfit,True
Start Without Jumping,21,1,6,Start Without Jumping — Day 6,e3KvLC1voSs,Heather Robertson,https://www.youtube.com/@Heatherrobertsoncom,True
Start Without Jumping,21,1,7,Start Without Jumping — Day 7,3C1zhXdhd3M,Valerie Logan,https://www.youtube.com/@ValerieLogan,True
Start Without Jumping,21,2,1,Start Without Jumping — Day 1,9vv3FNh8PyY,growingannanas,https://www.youtube.com/@growingannanas,True
Start Without Jumping,21,2,2,Start Without Jumping — Day 2,9K1dsiGC__A,growwithjo,https://www.youtube.com/@growwithjo,True
Start Without Jumping,21,2,3,Start Without Jumping — Day 3,OLK4ZmrSQDA,The Modern Fit Girl,https://www.youtube.com/@themodernfitgirl,True
Start Without Jumping,21,2,4,Start Without Jumping — Day 4,J8EeluUr4ak,growingannanas,https://www.youtube.com/@growingannanas,True
Start Without Jumping,21,2,5,Start Without Jumping — Day 5,5jpg-5cSVvI,Millionaire Hoy Fitness,https://www.youtube.com/@MillionaireHoyFitness,True
Start Without Jumping,21,2,6,Start Without Jumping — Day 6,yeLfaC9XIzQ,MadFit,https://www.youtube.com/@MadFit,True
Start Without Jumping,21,2,7,Start Without Jumping — Day 7,5LwN80lJvZc,MadFit,https://www.youtube.com/@MadFit,True
Strength & HIIT,4,1,1,Strength & HIIT — Day 1,EiP18_lArME,Oliver Sjostrom,https://www.youtube.com/@OliverSjostrom,True
Strength & HIIT,4,1,2,Strength & HIIT — Day 2,EXfKqlgYnF4,Midas Movement,https://www.youtube.com/@midasmvmt,True
Strength & HIIT,4,1,3,Strength & HIIT — Day 3,vWRrxGPi59s,Alex Crockford,https://www.youtube.com/@AlexCrockford,True
Strength & HIIT,4,1,4,Strength & HIIT — Day 4,EaI-OpRuuV4,Heather Robertson,https://www.youtube.com/@Heatherrobertsoncom,True
Strength & HIIT,4,1,5,Strength & HIIT — Day 5,K_OlhoAItyY,SquatCouple,https://www.youtube.com/@SQUATCOUPLE,True
Strength & HIIT,4,1,6,Strength & HIIT — Day 6,bJQSRTVOfbc,Nobadaddiction,https://www.youtube.com/@Nobadaddiction,True
Strength & HIIT,4,1,7,Strength & HIIT — Day 7,B991VH0M_OU,Sydney Cummings Houdyshell,https://www.youtube.com/@sydneycummingshoudyshell,True
Strength & HIIT,4,2,1,Strength & HIIT — Day 1,mdFM2msfsbw,Juice & Toya,https://www.youtube.com/@JuiceandToya,True
Strength & HIIT,4,2,2,Strength & HIIT — Day 2,0jHtQ5aJRMw,Sydney Cummings Houdyshell,https://www.youtube.com/@sydneycummingshoudyshell,True
Strength & HIIT,4,2,3,Strength & HIIT — Day 3,TDDCKoF_b8Q,Sydney Cummings Houdyshell,https://www.youtube.com/@sydneycummingshoudyshell,True
Strength & HIIT,4,2,4,Strength & HIIT — Day 4,dYwcjD0F-Ek,Sydney Cummings Houdyshell,https://www.youtube.com/@sydneycummingshoudyshell,True
Strength & HIIT,4,2,5,Strength & HIIT — Day 5,1CA7RdbinQ4,Sydney Cummings Houdyshell,https://www.youtube.com/@sydneycummingshoudyshell,True
Strength & HIIT,4,2,6,Strength & HIIT — Day 6,wHEKSwo3CbY,Juice & Toya,https://www.youtube.com/@JuiceandToya,True
Strength & HIIT,4,2,7,Strength & HIIT — Day 7,rRugP_hkkE0,Caroline Girvan,https://www.youtube.com/@CarolineGirvan,True
Strong Core,43,1,1,Strong Core — Day 1,eQdX2_k8FIM,MadFit,https://www.youtube.com/@MadFit,True
Strong Core,43,1,2,Strong Core — Day 2,tfL4g3l2X4Y,MadFit,https://www.youtube.com/@MadFit,True
Strong Core,43,1,3,Strong Core — Day 3,PZrYZfe5WbY,MadFit,https://www.youtube.com/@MadFit,True
Strong Core,43,1,4,Strong Core — Day 4,f2HbWMSV9Go,MadFit,https://www.youtube.com/@MadFit,True
Strong Core,43,1,5,Strong Core — Day 5,q_edDJIHi7M,MadFit,https://www.youtube.com/@MadFit,True
Strong Core,43,1,6,Strong Core — Day 6,Gr1GtwTp_ko,MadFit,https://www.youtube.com/@MadFit,True
Strong Core,43,1,7,Strong Core — Day 7,rJux8d7EMFE,nourishmovelove,https://www.youtube.com/@nourishmovelove,True
Strong Core,43,2,1,Strong Core — Day 1,xsvLYAplbXw,nourishmovelove,https://www.youtube.com/@nourishmovelove,True
Strong Core,43,2,2,Strong Core — Day 2,iMmMK_8BfcU,Caroline Girvan,https://www.youtube.com/@CarolineGirvan,True
Strong Core,43,2,3,Strong Core — Day 3,AdNpljl8tOI,Caroline Girvan,https://www.youtube.com/@CarolineGirvan,True
Strong Core,43,2,4,Strong Core — Day 4,eAi7EAE6-cU,Caroline Girvan,https://www.youtube.com/@CarolineGirvan,True
Strong Core,43,2,5,Strong Core — Day 5,cS-bIr-6hQM,Caroline Girvan,https://www.youtube.com/@CarolineGirvan,True
Strong Core,43,2,6,Strong Core — Day 6,hPi79mq_1rE,Caroline Girvan,https://www.youtube.com/@CarolineGirvan,True
Strong Core,43,2,7,Strong Core — Day 7,TeNg1oTvlVM,Caroline Girvan,https://www.youtube.com/@CarolineGirvan,True
Strong Healthy Knees,41,1,1,Strong Healthy Knees — Day 1,RiD13TveEpg,mobility by julia reppel,https://www.youtube.com/@julia.reppel,True
Strong Healthy Knees,41,1,2,Strong Healthy Knees — Day 2,j9BIE5Pfpzw,Lucy Wyndham-Read,https://www.youtube.com/@lucywyndhamread,True
Strong Healthy Knees,41,1,3,Strong Healthy Knees — Day 3,rsSV_lqbEVo,Tone and Tighten,https://www.youtube.com/@toneandtighten,True
Strong Healthy Knees,41,1,4,Strong Healthy Knees — Day 4,qiWPDDCgo3s,Will Harlow – Over-Fifties Specialist Physio,https://www.youtube.com/@HT-Physio,True
Strong Healthy Knees,41,1,5,Strong Healthy Knees — Day 5,Zt-HKZcLANI,nourishmovelove,https://www.youtube.com/@nourishmovelove,True
Strong Healthy Knees,41,1,6,Strong Healthy Knees — Day 6,pw7nvbiPx6k,British Heart Foundation,https://www.youtube.com/@britishheartfoundation,True
Strong Healthy Knees,41,1,7,Strong Healthy Knees — Day 7,yXfCJD79wqE,Saurabh Bothra,https://www.youtube.com/@saurabhbothra,True
Strong Healthy Knees,41,2,1,Strong Healthy Knees — Day 1,yVVZG4Z-7p4,AMR Physiotherapy,https://www.youtube.com/@AMRPhysiotherapy,True
Strong Healthy Knees,41,2,2,Strong Healthy Knees — Day 2,Usv1mzDxdTw,AskDoctorJo,https://www.youtube.com/@AskDoctorJo,True
Strong Healthy Knees,41,2,3,Strong Healthy Knees — Day 3,PeaEDrAmSZw,AskDoctorJo,https://www.youtube.com/@AskDoctorJo,True
Strong Healthy Knees,41,2,4,Strong Healthy Knees — Day 4,yQKxITLikiE,AskDoctorJo,https://www.youtube.com/@AskDoctorJo,True
Strong Healthy Knees,41,2,5,Strong Healthy Knees — Day 5,Jis7bhdIEG0,Dr. Carl Baird,https://www.youtube.com/@DrCarlBaird,True
Strong Healthy Knees,41,2,6,Strong Healthy Knees — Day 6,yLTFUaO7ty0,Abby Pollock,https://www.youtube.com/@abbypollock,True
Strong Healthy Knees,41,2,7,Strong Healthy Knees — Day 7,u6Y4GsaPBhw,Audrey Koomar - Home Workouts,https://www.youtube.com/@AudreyKoomar,True
Total Flexibility,42,1,1,Total Flexibility — Day 1,L_xrDAtykMI,Tom Merrick,https://www.youtube.com/@BodyweightWarrior,True
Total Flexibility,42,1,2,Total Flexibility — Day 2,NeyIoSPqbC8,SaturnoMovement,https://www.youtube.com/@SaturnoMovement,True
Total Flexibility,42,1,3,Total Flexibility — Day 3,DkT4oz3ih7g,Lorena Ivonne,https://www.youtube.com/@lorenaivonneg,True
Total Flexibility,42,1,4,Total Flexibility — Day 4,E2SOrScNbww,Strength Side,https://www.youtube.com/@Strengthside,True
Total Flexibility,42,1,5,Total Flexibility — Day 5,yxFDMwXpjjw,Spence Crosby,https://www.youtube.com/@SpenceCrosby,True
Total Flexibility,42,1,6,Total Flexibility — Day 6,QR0JKN1NmV8,Tom Merrick,https://www.youtube.com/@BodyweightWarrior,True
Total Flexibility,42,1,7,Total Flexibility — Day 7,Cp7jIHFiaqY,BodyKinect by Kendall,https://www.youtube.com/@trainwithkendall,True
Total Flexibility,42,2,1,Total Flexibility — Day 1,KNeqD-U-KVg,growingannanas,https://www.youtube.com/@growingannanas,True
Total Flexibility,42,2,2,Total Flexibility — Day 2,vOvVg0EIi6w,Tom Merrick,https://www.youtube.com/@BodyweightWarrior,True
Total Flexibility,42,2,3,Total Flexibility — Day 3,9j8Rqnw0CiE,Tom Merrick,https://www.youtube.com/@BodyweightWarrior,True
Total Flexibility,42,2,4,Total Flexibility — Day 4,AF9d2Icl4fA,Yoga With Adriene,https://www.youtube.com/@yogawithadriene,True
Total Flexibility,42,2,5,Total Flexibility — Day 5,tnZ96Y2C28Y,Mady Morrison,https://www.youtube.com/@madymorrison,True
Total Flexibility,42,2,6,Total Flexibility — Day 6,ApsT33U_HaY,Liebscher & Bracht – The Pain Specialists,https://www.youtube.com/@Liebscher.Bracht_EN,True
Total Flexibility,42,2,7,Total Flexibility — Day 7,UrHXTyLpsuY,SarahBethYoga,https://www.youtube.com/@sarahbethyoga,True
Total-Body Strength,1,1,1,Total-Body Strength — Day 1,NO4m1PGkUY8,Oliver Sjostrom,https://www.youtube.com/@OliverSjostrom,True
Total-Body Strength,1,1,2,Total-Body Strength — Day 2,cg8mzSgYAoY,Juice & Toya,https://www.youtube.com/@JuiceandToya,True
Total-Body Strength,1,1,3,Total-Body Strength — Day 3,zkdiK-eBZOE,fitness__kaykay,https://www.youtube.com/@fitness__kaykay,True
Total-Body Strength,1,1,4,Total-Body Strength — Day 4,6Onk7RVnp8w,fitness__kaykay,https://www.youtube.com/@fitness__kaykay,True
Total-Body Strength,1,1,5,Total-Body Strength — Day 5,jP3UzZGJjTM,Kaleigh Cohen Strength,https://www.youtube.com/@KaleighStrength,True
Total-Body Strength,1,1,6,Total-Body Strength — Day 6,aPILrBa7CWI,nourishmovelove,https://www.youtube.com/@nourishmovelove,True
Total-Body Strength,1,1,7,Total-Body Strength — Day 7,v0YG0d58mX4,Sydney Cummings Houdyshell,https://www.youtube.com/@sydneycummingshoudyshell,True
Total-Body Strength,1,2,1,Total-Body Strength — Day 1,gh02_s0O6qU,nourishmovelove,https://www.youtube.com/@nourishmovelove,True
Total-Body Strength,1,2,2,Total-Body Strength — Day 2,b7uDhHZ5qps,Caroline Girvan,https://www.youtube.com/@CarolineGirvan,True
Total-Body Strength,1,2,3,Total-Body Strength — Day 3,qb3G8RhcT4U,Caroline Girvan,https://www.youtube.com/@CarolineGirvan,True
Total-Body Strength,1,2,4,Total-Body Strength — Day 4,ScInpT_5dIQ,Caroline Girvan,https://www.youtube.com/@CarolineGirvan,True
Total-Body Strength,1,2,5,Total-Body Strength — Day 5,Yuf052OBeeM,Heather Robertson,https://www.youtube.com/@Heatherrobertsoncom,True
Total-Body Strength,1,2,6,Total-Body Strength — Day 6,USi3LmPlj_0,Heather Robertson,https://www.youtube.com/@Heatherrobertsoncom,True
Total-Body Strength,1,2,7,Total-Body Strength — Day 7,O_KRt-y7Gco,Glow Workouts,https://www.youtube.com/@GlowWorkouts,True
Upper-Body Strength,2,1,1,Upper-Body Strength — Day 1,BgCbQJJddBY,Sydney Cummings Houdyshell,https://www.youtube.com/@sydneycummingshoudyshell,True
Upper-Body Strength,2,1,2,Upper-Body Strength — Day 2,3ga3E8efd4A,Larie Midkiff,https://www.youtube.com/@FitbyLarie,True
Upper-Body Strength,2,1,3,Upper-Body Strength — Day 3,f6TAwZvyt4Y,Penny Barnshaw - Garage Fitness Girl,https://www.youtube.com/@garagefitnessgirl,True
Upper-Body Strength,2,1,4,Upper-Body Strength — Day 4,d2HNDQUcLGc,Garage Fitness Girl Lifts,https://www.youtube.com/@garagefitnessgirllifts,True
Upper-Body Strength,2,1,5,Upper-Body Strength — Day 5,I3gKBB8fHsY,Penny Barnshaw - Garage Fitness Girl,https://www.youtube.com/@garagefitnessgirl,True
Upper-Body Strength,2,1,6,Upper-Body Strength — Day 6,Gyvco298_lI,Sunny Health & Fitness,https://www.youtube.com/@SunnyHealthFitness,True
Upper-Body Strength,2,1,7,Upper-Body Strength — Day 7,VOwpgi_v19M,Sunny Health & Fitness,https://www.youtube.com/@SunnyHealthFitness,True
Upper-Body Strength,2,2,1,Upper-Body Strength — Day 1,drF9oreEWGA,Penny Barnshaw - Garage Fitness Girl,https://www.youtube.com/@garagefitnessgirl,True
Upper-Body Strength,2,2,2,Upper-Body Strength — Day 2,JZPzynsdYCE,Caroline Girvan,https://www.youtube.com/@CarolineGirvan,True
Upper-Body Strength,2,2,3,Upper-Body Strength — Day 3,lEl9MToXwt0,Caroline Girvan,https://www.youtube.com/@CarolineGirvan,True
Upper-Body Strength,2,2,4,Upper-Body Strength — Day 4,Bl28i6fWljU,Caroline Girvan,https://www.youtube.com/@CarolineGirvan,True
Upper-Body Strength,2,2,5,Upper-Body Strength — Day 5,SZaggsg2zUY,Caroline Girvan,https://www.youtube.com/@CarolineGirvan,True
Upper-Body Strength,2,2,6,Upper-Body Strength — Day 6,_t8fJffsZzk,Heather Robertson,https://www.youtube.com/@Heatherrobertsoncom,True
Upper-Body Strength,2,2,7,Upper-Body Strength — Day 7,Zp2slDMBLMw,Heather Robertson,https://www.youtube.com/@Heatherrobertsoncom,True
