channel,channel_url,episodes,programs
IBX Running,https://www.youtube.com/@IBXRunning,45,4
MadFit,https://www.youtube.com/@MadFit,30,12
mobility by julia reppel,https://www.youtube.com/@julia.reppel,23,11
Heather Robertson,https://www.youtube.com/@Heatherrobertsoncom,21,11
growingannanas,https://www.youtube.com/@growingannanas,20,9
Tom Merrick,https://www.youtube.com/@BodyweightWarrior,17,7
Yoga With Adriene,https://www.youtube.com/@yogawithadriene,17,10
Caroline Girvan,https://www.youtube.com/@CarolineGirvan,17,6
Sydney Cummings Houdyshell,https://www.youtube.com/@sydneycummingshoudyshell,15,7
Yoga with Kassandra,https://www.youtube.com/@yogawithkassandra,14,7
Juice & Toya,https://www.youtube.com/@JuiceandToya,13,10
Move With Nicole,https://www.youtube.com/@MoveWithNicole,12,3
nourishmovelove,https://www.youtube.com/@nourishmovelove,11,8
HASfit,https://www.youtube.com/@HASfit,11,7
Tone and Tighten,https://www.youtube.com/@toneandtighten,10,4
SeniorShape Fitness,https://www.youtube.com/@SeniorShapeFitness,10,5
SarahBethYoga,https://www.youtube.com/@sarahbethyoga,10,4
fitbymik,https://www.youtube.com/@fitbymik,9,6
Jess Yoga,https://www.youtube.com/@JessicaRichburg,8,5
EDR Fitness,https://www.youtube.com/@edrfitness,7,4
Charlie Follows,https://www.youtube.com/@CharlieFollows,7,5
Yoga With Tim,https://www.youtube.com/@yogawithtim,7,4
Sunny Health & Fitness,https://www.youtube.com/@SunnyHealthFitness,6,3
Tom Peto Training,https://www.youtube.com/@TomPetoTraining,6,4
PS Fit ,https://www.youtube.com/@PS_Fit,6,2
Goodful,https://www.youtube.com/@Goodful,6,3
Jessica Valant,https://www.youtube.com/@Jessicasvalant,5,3
Oliver Sjostrom,https://www.youtube.com/@OliverSjostrom,5,4
TIFF x DAN,https://www.youtube.com/@TIFFxDAN,5,4
Boho Beautiful Yoga,https://www.youtube.com/@bohobeautiful,5,3
Dr. Jon Saunders,https://www.youtube.com/@drjonsaunders,4,2
Eleni Fit,https://www.youtube.com/@EleniFit,4,4
fitness__kaykay,https://www.youtube.com/@fitness__kaykay,4,3
Rich Ryan,https://www.youtube.com/@RichRyan,4,2
HYROX HUB,https://www.youtube.com/@HYROX-HUB,4,4
RowAlong – Follow Along Rowing Machine Workouts,https://www.youtube.com/@rowalong,4,1
Penny Barnshaw - Garage Fitness Girl,https://www.youtube.com/@garagefitnessgirl,4,2
Caroline Jordan,https://www.youtube.com/@CarolineJordan,4,1
Mady Morrison,https://www.youtube.com/@madymorrison,4,3
AskDoctorJo,https://www.youtube.com/@AskDoctorJo,4,2
SilverSneakers,https://www.youtube.com/@silversneakers,3,1
Great Meditation,https://www.youtube.com/@GreatMeditation,3,2
Michelle Briehler,https://www.youtube.com/@MichelleBriehler,3,3
Lucy Wyndham-Read,https://www.youtube.com/@lucywyndhamread,3,3
Marie Steffen - The Art of Health,https://www.youtube.com/@MarieSteffen,3,3
Kaleigh Cohen Strength,https://www.youtube.com/@KaleighStrength,3,3
Nobadaddiction,https://www.youtube.com/@Nobadaddiction,3,3
PureGym,https://www.youtube.com/@PureGymVideo,3,2
Tiago Lousa,https://www.youtube.com/@tiagolousa9077,3,2
Hero Movement,https://www.youtube.com/@HeroMovementNet,2,2
Improved Health,https://www.youtube.com/@ImprovedHealth,2,2
BodyFit By Amy,https://www.youtube.com/@BodyFitByAmy,2,2
Tracy Steen,https://www.youtube.com/@TracySteenMoveDaily,2,1
Hands-On Meditation,https://www.youtube.com/@HandsOnMeditation,2,1
Mike Maher | TAKE A DEEP BREATH,https://www.youtube.com/@TAKEADEEPBREATH,2,1
emkfit,https://www.youtube.com/@emkfit,2,1
YOGA UPLOAD with Maris Aylward,https://www.youtube.com/@YogaUpload,2,2
growwithjo,https://www.youtube.com/@growwithjo,2,2
The Modern Fit Girl,https://www.youtube.com/@themodernfitgirl,2,2
Caren Hope,https://www.youtube.com/@carenhope,2,2
My Peace Of Mindfulness (Guided Meditation),https://www.youtube.com/@MyPeaceOfMindfulness,2,1
Caroline McCready,https://www.youtube.com/@carolinemccready,2,1
Run Better with Ash,https://www.youtube.com/@RunBetterwithAsh,2,2
Travis Eliot,https://www.youtube.com/@traviseliotyoga,2,2
Declutter The Mind,https://www.youtube.com/@DeclutterTheMind,2,1
The Mindful Movement,https://www.youtube.com/@TheMindfulMovement,2,1
Calm,https://www.youtube.com/@calm,2,1
BrettLarkinYoga,https://www.youtube.com/@BrettLarkinYoga,2,1
Dark Horse Rowing,https://www.youtube.com/@DarkHorseRowing,2,1
Liney Bezuidenhout | Home Workouts,https://www.youtube.com/@grapefitt,2,2
Dr. Kristie Ennis,https://www.youtube.com/@drkristieennis,2,2
Soheil Var,https://www.youtube.com/@SoheilVar,2,1
Jeremy Ethier,https://www.youtube.com/@JeremyEthier,2,1
Bootcamp Co.,https://www.youtube.com/@BootcampCo,1,1
Movement by Alisa ,https://www.youtube.com/@MovementByAlisa,1,1
Sophie Reid,https://www.youtube.com/@sophiereidfit,1,1
Physiotutors,https://www.youtube.com/@Physiotutors,1,1
The Barbell Physio,https://www.youtube.com/@thebarbellphysio,1,1
Aloha Online Physical Therapy for the Elderly,https://www.youtube.com/@AlohaOnlinePTfortheElderly,1,1
Man Flow Yoga,https://www.youtube.com/@ManFlowYoga,1,1
REI,https://www.youtube.com/@rei,1,1
Breathe With Sandy,https://www.youtube.com/@BreatheWithSandy,1,1
The School of Self,https://www.youtube.com/@TheSchoolofSelf,1,1
"Othership: Sauna, Ice Baths + Breathwork",https://www.youtube.com/@Othership,1,1
Priory,https://www.youtube.com/@Priory_UK,1,1
LiveFree Diving,https://www.youtube.com/@LiveFreeDiving,1,1
Rehab & Therapy Toolbox (TDWSS),https://www.youtube.com/@RehabTherapyToolbox,1,1
Recovery.com,https://www.youtube.com/@recoverydotcom,1,1
KevTheTrainer,https://www.youtube.com/@KevTheTrainer,1,1
IZZY SAMUEL,https://www.youtube.com/@izzy.samuel,1,1
TreadmillReviewGuru,https://www.youtube.com/@TreadmillReviewGuru,1,1
Swift Trails,https://www.youtube.com/@SwiftTrailsTV,1,1
DANIELPT FITNESS,https://www.youtube.com/@DANIELPTFITNESS,1,1
Rolling with Renia,https://www.youtube.com/@RollingwithRenia,1,1
Andrew Alinda,https://www.youtube.com/@CaliToTheCrowd,1,1
Minus The Gym,https://www.youtube.com/@MinusTheGym,1,1
Christina | Yoga Teacher Mom ,https://www.youtube.com/@yogateachermom,1,1
joetherapy,https://www.youtube.com/@joetherapy,1,1
STRETCHIT - Stretching & Mobility,https://www.youtube.com/@stretchitapp,1,1
Thousand Petals Yoga,https://www.youtube.com/@thousandpetalsyoga,1,1
High Desert Yogi,https://www.youtube.com/@highdesertyogi,1,1
Grow Young Fitness,https://www.youtube.com/@GrowYoungFitness,1,1
ElderfitTV Experts In Over 60s Health & Fitness,https://www.youtube.com/@elderfitTV,1,1
Senior Fitness With Meredith,https://www.youtube.com/@SeniorFitnessWithMeredith,1,1
Roberta's Gym,https://www.youtube.com/@RobertasGym,1,1
The Honest Guys - Meditations - Relaxation,https://www.youtube.com/@TheHonestGuys,1,1
Obi Vincent,https://www.youtube.com/@ObiVincent,1,1
Bendy Body,https://www.youtube.com/@bendybodymovement,1,1
Anna McNulty Stretches,https://www.youtube.com/@AnnaMcNultyStretches,1,1
Yoga With Bird,https://www.youtube.com/@YogaWithBird,1,1
Michael Sealey,https://www.youtube.com/@MichaelSealey,1,1
Julia Chi Taylor,https://www.youtube.com/@RunWithJulia,1,1
Marathon Handbook,https://www.youtube.com/@marathonhandbook,1,1
The Run Experience,https://www.youtube.com/@TheRunExperience,1,1
The Body Coach TV by Joe Wicks,https://www.youtube.com/@TheBodyCoachTV,1,1
GVIA PHOENIX,https://www.youtube.com/@GVIA.PHOENIX,1,1
BullyJuice,https://www.youtube.com/@BullyJuice,1,1
Yoga With Julz,https://www.youtube.com/@yogajulz,1,1
Jessica Everett Yoga,https://www.youtube.com/@Jessicaeverettyoga,1,1
Train With Darlla,https://www.youtube.com/@TrainWithDarlla,1,1
Vee,https://www.youtube.com/@FlexibleVee,1,1
FLEXFORM by Shan,https://www.youtube.com/@FLEXFORMbyShan,1,1
Spiritbody,https://www.youtube.com/@the.Spiritbody.architect,1,1
Yoga with Joelle,https://www.youtube.com/@YogawithJoelle,1,1
MDJ FITNESS,https://www.youtube.com/@mdjfitness,1,1
Imene Ims,https://www.youtube.com/@imeneims1,1,1
Julius Ise,https://www.youtube.com/@juliusise,1,1
HYROX: The World Series of Fitness Racing,https://www.youtube.com/@HYROX_OFFICIAL,1,1
TheWKOUT,https://www.youtube.com/@THEWKOUTOFFICIAL,1,1
Peter Day ,https://www.youtube.com/@peter_day,1,1
Coach Conway,https://www.youtube.com/@coachconway,1,1
Underdog Fitness Gym,https://www.youtube.com/@Underdogfitnessgym,1,1
Jade Skillen - Athlete Performance Coach,https://www.youtube.com/@JadeSkillenPerformanceCoach,1,1
Rox Lyfe,https://www.youtube.com/@roxlyfe,1,1
Steven Collins,https://www.youtube.com/@stevencollinstraining,1,1
Leana Deeb,https://www.youtube.com/@leanadeeb,1,1
BADI,https://www.youtube.com/@BADI_Workouts,1,1
CrossFit Milford,https://www.youtube.com/@crossfitmilfordct,1,1
Nik Run The Hills ,https://www.youtube.com/@NikRunTheHills,1,1
Mat Fraser | HWPO,https://www.youtube.com/@MatFraserHWPOTraining,1,1
The Progrm,https://www.youtube.com/@TheProgrm,1,1
Hyrox Luke,https://www.youtube.com/@hyroxluke,1,1
The Work-Out Zone sport,https://www.youtube.com/@thework-out,1,1
Wolverson Fitness,https://www.youtube.com/@wolversonfit,1,1
JayFit ,https://www.youtube.com/@JayFitPT,1,1
Velites,https://www.youtube.com/@velites_sport,1,1
Mountain Tactical Institute,https://www.youtube.com/@mtntactical,1,1
AnnaFitG,https://www.youtube.com/@annafitg,1,1
Dan the HIIT Man,https://www.youtube.com/@DantheHIITMan,1,1
Bupa Health,https://www.youtube.com/@BupaHealth,1,1
The Tori Method,https://www.youtube.com/@TheToriMethod,1,1
Doctor O'Donovan,https://www.youtube.com/@DrODonovan,1,1
Coach Sofia,https://www.youtube.com/@CoachSofia,1,1
Move With Misa,https://www.youtube.com/@MoveWithMisa,1,1
Body Now,https://www.youtube.com/@body-now,1,1
Improved Health Chair Workouts,https://www.youtube.com/@ImprovedHealthChairWorkouts,1,1
Michelle Kenway,https://www.youtube.com/@michellephysio,1,1
MonikaFit,https://www.youtube.com/@MonikaFitt,1,1
FreeMindFit,https://www.youtube.com/@FreeMindFit,1,1
Well+Good,https://www.youtube.com/@Wellandgood,1,1
Studio Jibby,https://www.youtube.com/@StudioJibby,1,1
Hailey C.,https://www.youtube.com/@HaileyC.,1,1
Bob & Brad,https://www.youtube.com/@BobandBrad,1,1
ALO,https://www.youtube.com/@Aloyoga,1,1
Breathe and Flow,https://www.youtube.com/@BreatheAndFlow,1,1
Tana Yoga,https://www.youtube.com/@TanaYoga,1,1
Yoga with Kate Amber,https://www.youtube.com/@KateAmberYoga,1,1
YOGATX,https://www.youtube.com/@yogatx,1,1
YouAligned,https://www.youtube.com/@youaligned,1,1
MrandMrsMuscle,https://www.youtube.com/@Mrandmrsmuscle,1,1
A Way Through,https://www.youtube.com/@awaythrough4u,1,1
Pamela Reif,https://www.youtube.com/@PamelaRf1,1,1
Valerie Logan,https://www.youtube.com/@ValerieLogan,1,1
Millionaire Hoy Fitness,https://www.youtube.com/@MillionaireHoyFitness,1,1
Midas Movement,https://www.youtube.com/@midasmvmt,1,1
Alex Crockford,https://www.youtube.com/@AlexCrockford,1,1
SquatCouple,https://www.youtube.com/@SQUATCOUPLE,1,1
Will Harlow – Over-Fifties Specialist Physio,https://www.youtube.com/@HT-Physio,1,1
British Heart Foundation,https://www.youtube.com/@britishheartfoundation,1,1
Saurabh Bothra,https://www.youtube.com/@saurabhbothra,1,1
AMR Physiotherapy,https://www.youtube.com/@AMRPhysiotherapy,1,1
Dr. Carl Baird,https://www.youtube.com/@DrCarlBaird,1,1
Abby Pollock,https://www.youtube.com/@abbypollock,1,1
Audrey Koomar - Home Workouts,https://www.youtube.com/@AudreyKoomar,1,1
SaturnoMovement,https://www.youtube.com/@SaturnoMovement,1,1
Lorena Ivonne,https://www.youtube.com/@lorenaivonneg,1,1
Strength Side,https://www.youtube.com/@Strengthside,1,1
Spence Crosby,https://www.youtube.com/@SpenceCrosby,1,1
BodyKinect by Kendall,https://www.youtube.com/@trainwithkendall,1,1
Liebscher & Bracht – The Pain Specialists,https://www.youtube.com/@Liebscher.Bracht_EN,1,1
Glow Workouts,https://www.youtube.com/@GlowWorkouts,1,1
Larie Midkiff,https://www.youtube.com/@FitbyLarie,1,1
Garage Fitness Girl Lifts,https://www.youtube.com/@garagefitnessgirllifts,1,1
